    Blocking waiting for file lock on build directory
    Checking pcsx2_translations v0.1.0 (E:\project\pcsx2\rust\translations)
error[E0665]: `#[derive(Default)]` on enum with no `#[default]`
   --> pcsx2\GsDeviceOpenGl.rs:226:17
    |
226 |   #[derive(Debug, Default, Clone, Copy, PartialEq, Eq)]
    |                   ^^^^^^^
227 | / pub enum Filter {
228 | |     Nearest,
229 | |     Linear,
230 | | }
    | |_- this enum needs a unit variant marked with `#[default]`
    |
help: make this unit variant default by placing `#[default]` on it
    |
228 |     #[default] Nearest,
    |     ++++++++++
help: make this unit variant default by placing `#[default]` on it
    |
229 |     #[default] Linear,
    |     ++++++++++

warning: private item shadows public glob re-export
   --> common\Console.rs:18:5
    |
 18 | use std::default::Default;
    |     ^^^^^^^^^^^^^^^^^^^^^
    |
note: the name `Default` in the type namespace is supposed to be publicly re-exported here
   --> common\Console.rs:124:9
    |
124 | pub use self::ConsoleColors::*;
    |         ^^^^^^^^^^^^^^^^^^^^^^
note: but the private item here shadows it
   --> common\Console.rs:18:5
    |
 18 | use std::default::Default;
    |     ^^^^^^^^^^^^^^^^^^^^^
    = note: `#[warn(hidden_glob_reexports)]` on by default

warning: unused doc comment
   --> common\CrashHandler.rs:208:5
    |
208 | /     /// Real Windows binding. We declare it locally because we only have a
209 | |     /// `libc` shim and the Windows surface lives in system DLLs.
    | |_________________________________________________________________^
210 |       #[link(name = "kernel32")]
211 | /     extern "system" {
212 | |         fn SetUnhandledExceptionFilter(
213 | |             filter: Option<ExceptionCallback>,
214 | |         ) -> Option<ExceptionCallback>;
215 | |     }
    | |_____- rustdoc does not generate documentation for extern blocks
    |
    = help: use `//` for a plain comment
    = note: `#[warn(unused_doc_comments)]` (part of `#[warn(unused)]`) on by default

warning: unexpected `cfg` condition name: `PCSX2_DEVBUILD`
   --> common\Pcsx2Defs.rs:253:11
    |
253 | #[cfg(not(PCSX2_DEVBUILD))]
    |           ^^^^^^^^^^^^^^
    |
    = help: expected names are: `docsrs`, `feature`, and `test` and 31 more
    = help: consider using a Cargo feature instead
    = help: or consider adding in `Cargo.toml` the `check-cfg` lint config for the lint:
             [lints.rust]
             unexpected_cfgs = { level = "warn", check-cfg = ['cfg(PCSX2_DEVBUILD)'] }
    = help: or consider adding `println!("cargo::rustc-check-cfg=cfg(PCSX2_DEVBUILD)");` to the top of the `build.rs`
    = note: see <https://doc.rust-lang.org/nightly/rustc/check-cfg/cargo-specifics.html> for more information about checking conditional configuration
    = note: `#[warn(unexpected_cfgs)]` on by default

warning: unexpected `cfg` condition name: `PCSX2_DEVBUILD`
   --> common\Pcsx2Defs.rs:261:7
    |
261 | #[cfg(PCSX2_DEVBUILD)]
    |       ^^^^^^^^^^^^^^
    |
    = help: consider using a Cargo feature instead
    = help: or consider adding in `Cargo.toml` the `check-cfg` lint config for the lint:
             [lints.rust]
             unexpected_cfgs = { level = "warn", check-cfg = ['cfg(PCSX2_DEVBUILD)'] }
    = help: or consider adding `println!("cargo::rustc-check-cfg=cfg(PCSX2_DEVBUILD)");` to the top of the `build.rs`
    = note: see <https://doc.rust-lang.org/nightly/rustc/check-cfg/cargo-specifics.html> for more information about checking conditional configuration

warning: unexpected `cfg` condition name: `PCSX2_DEVBUILD`
  --> common\Pcsx2Defs.rs:24:35
   |
24 | pub const IsDevBuild: bool = cfg!(PCSX2_DEVBUILD);
   |                                   ^^^^^^^^^^^^^^
   |
   = help: consider using a Cargo feature instead
   = help: or consider adding in `Cargo.toml` the `check-cfg` lint config for the lint:
            [lints.rust]
            unexpected_cfgs = { level = "warn", check-cfg = ['cfg(PCSX2_DEVBUILD)'] }
   = help: or consider adding `println!("cargo::rustc-check-cfg=cfg(PCSX2_DEVBUILD)");` to the top of the `build.rs`
   = note: see <https://doc.rust-lang.org/nightly/rustc/check-cfg/cargo-specifics.html> for more information about checking conditional configuration

warning: unexpected `cfg` condition name: `PCSX2_DEBUG`
  --> common\Pcsx2Defs.rs:25:37
   |
25 | pub const IsDebugBuild: bool = cfg!(PCSX2_DEBUG);
   |                                     ^^^^^^^^^^^
   |
   = help: consider using a Cargo feature instead
   = help: or consider adding in `Cargo.toml` the `check-cfg` lint config for the lint:
            [lints.rust]
            unexpected_cfgs = { level = "warn", check-cfg = ['cfg(PCSX2_DEBUG)'] }
   = help: or consider adding `println!("cargo::rustc-check-cfg=cfg(PCSX2_DEBUG)");` to the top of the `build.rs`
   = note: see <https://doc.rust-lang.org/nightly/rustc/check-cfg/cargo-specifics.html> for more information about checking conditional configuration

warning: unexpected `cfg` condition name: `PCSX2_OVERRIDE_HOST_PAGE_SIZE`
  --> common\Pcsx2Defs.rs:62:11
   |
62 |     #[cfg(PCSX2_OVERRIDE_HOST_PAGE_SIZE)]
   |           ^^^^^^^^^^^^^^^^^^^^^^^^^^^^^
   |
   = help: consider using a Cargo feature instead
   = help: or consider adding in `Cargo.toml` the `check-cfg` lint config for the lint:
            [lints.rust]
            unexpected_cfgs = { level = "warn", check-cfg = ['cfg(PCSX2_OVERRIDE_HOST_PAGE_SIZE)'] }
   = help: or consider adding `println!("cargo::rustc-check-cfg=cfg(PCSX2_OVERRIDE_HOST_PAGE_SIZE)");` to the top of the `build.rs`
   = note: see <https://doc.rust-lang.org/nightly/rustc/check-cfg/cargo-specifics.html> for more information about checking conditional configuration

warning: unexpected `cfg` condition name: `PCSX2_OVERRIDE_HOST_PAGE_SIZE`
  --> common\Pcsx2Defs.rs:66:19
   |
66 |     #[cfg(all(not(PCSX2_OVERRIDE_HOST_PAGE_SIZE), target_arch = "aarch64"))]
   |                   ^^^^^^^^^^^^^^^^^^^^^^^^^^^^^
   |
   = help: consider using a Cargo feature instead
   = help: or consider adding in `Cargo.toml` the `check-cfg` lint config for the lint:
            [lints.rust]
            unexpected_cfgs = { level = "warn", check-cfg = ['cfg(PCSX2_OVERRIDE_HOST_PAGE_SIZE)'] }
   = help: or consider adding `println!("cargo::rustc-check-cfg=cfg(PCSX2_OVERRIDE_HOST_PAGE_SIZE)");` to the top of the `build.rs`
   = note: see <https://doc.rust-lang.org/nightly/rustc/check-cfg/cargo-specifics.html> for more information about checking conditional configuration

warning: unexpected `cfg` condition name: `PCSX2_OVERRIDE_HOST_PAGE_SIZE`
  --> common\Pcsx2Defs.rs:71:13
   |
71 |         not(PCSX2_OVERRIDE_HOST_PAGE_SIZE),
   |             ^^^^^^^^^^^^^^^^^^^^^^^^^^^^^
   |
   = help: consider using a Cargo feature instead
   = help: or consider adding in `Cargo.toml` the `check-cfg` lint config for the lint:
            [lints.rust]
            unexpected_cfgs = { level = "warn", check-cfg = ['cfg(PCSX2_OVERRIDE_HOST_PAGE_SIZE)'] }
   = help: or consider adding `println!("cargo::rustc-check-cfg=cfg(PCSX2_OVERRIDE_HOST_PAGE_SIZE)");` to the top of the `build.rs`
   = note: see <https://doc.rust-lang.org/nightly/rustc/check-cfg/cargo-specifics.html> for more information about checking conditional configuration

warning: unexpected `cfg` condition name: `PCSX2_OVERRIDE_HOST_CACHE_LINE_SIZE`
  --> common\Pcsx2Defs.rs:89:11
   |
89 |     #[cfg(PCSX2_OVERRIDE_HOST_CACHE_LINE_SIZE)]
   |           ^^^^^^^^^^^^^^^^^^^^^^^^^^^^^^^^^^^
   |
   = help: consider using a Cargo feature instead
   = help: or consider adding in `Cargo.toml` the `check-cfg` lint config for the lint:
            [lints.rust]
            unexpected_cfgs = { level = "warn", check-cfg = ['cfg(PCSX2_OVERRIDE_HOST_CACHE_LINE_SIZE)'] }
   = help: or consider adding `println!("cargo::rustc-check-cfg=cfg(PCSX2_OVERRIDE_HOST_CACHE_LINE_SIZE)");` to the top of the `build.rs`
   = note: see <https://doc.rust-lang.org/nightly/rustc/check-cfg/cargo-specifics.html> for more information about checking conditional configuration

warning: unexpected `cfg` condition name: `PCSX2_OVERRIDE_HOST_CACHE_LINE_SIZE`
  --> common\Pcsx2Defs.rs:94:13
   |
94 |         not(PCSX2_OVERRIDE_HOST_CACHE_LINE_SIZE),
   |             ^^^^^^^^^^^^^^^^^^^^^^^^^^^^^^^^^^^
   |
   = help: consider using a Cargo feature instead
   = help: or consider adding in `Cargo.toml` the `check-cfg` lint config for the lint:
            [lints.rust]
            unexpected_cfgs = { level = "warn", check-cfg = ['cfg(PCSX2_OVERRIDE_HOST_CACHE_LINE_SIZE)'] }
   = help: or consider adding `println!("cargo::rustc-check-cfg=cfg(PCSX2_OVERRIDE_HOST_CACHE_LINE_SIZE)");` to the top of the `build.rs`
   = note: see <https://doc.rust-lang.org/nightly/rustc/check-cfg/cargo-specifics.html> for more information about checking conditional configuration

warning: unexpected `cfg` condition name: `PCSX2_OVERRIDE_HOST_CACHE_LINE_SIZE`
   --> common\Pcsx2Defs.rs:101:13
    |
101 |         not(PCSX2_OVERRIDE_HOST_CACHE_LINE_SIZE),
    |             ^^^^^^^^^^^^^^^^^^^^^^^^^^^^^^^^^^^
    |
    = help: consider using a Cargo feature instead
    = help: or consider adding in `Cargo.toml` the `check-cfg` lint config for the lint:
             [lints.rust]
             unexpected_cfgs = { level = "warn", check-cfg = ['cfg(PCSX2_OVERRIDE_HOST_CACHE_LINE_SIZE)'] }
    = help: or consider adding `println!("cargo::rustc-check-cfg=cfg(PCSX2_OVERRIDE_HOST_CACHE_LINE_SIZE)");` to the top of the `build.rs`
    = note: see <https://doc.rust-lang.org/nightly/rustc/check-cfg/cargo-specifics.html> for more information about checking conditional configuration

warning: unused macro definition: `impl_typed_access`
   --> common\SmallEtc.rs:847:14
    |
847 | macro_rules! impl_typed_access {
    |              ^^^^^^^^^^^^^^^^^
    |
    = note: `#[warn(unused_macros)]` (part of `#[warn(unused)]`) on by default

warning: unused doc comment
    --> pcsx2\x86\FinalSweepX86.rs:1276:1
     |
1276 | / /// Per-thread X86 and XMM allocation tables. The original C++ is
1277 | | /// global, but the dynarec is re-entrant; using a thread-local keeps
1278 | | /// the port simple without losing semantics.
     | |_--------------------------------------------^
     |   |
     |   rustdoc does not generate documentation for macro invocations
     |
     = help: to document an item produced by a macro, the macro must produce the documentation as part of its expansion

warning: unused doc comment
    --> pcsx2\x86\FinalSweepX86.rs:1290:1
     |
1290 | /// Per-thread allocation-counter (16-bit wrap).
     | ^^^^^^^^^^^^^^^^^^^^^^^^^^^^^^^^^^^^^^^^^^^^^^^^ rustdoc does not generate documentation for macro invocations
     |
     = help: to document an item produced by a macro, the macro must produce the documentation as part of its expansion

warning: unused doc comment
    --> pcsx2\x86\FinalSweepX86.rs:1296:1
     |
1296 | / /// `g_pCurInstInfo`: pointer to the current instruction's liveness
1297 | | /// info. The original is a raw pointer; here we use a `RefCell`
1298 | | /// pointer for safety.
     | |_----------------------^
     |   |
     |   rustdoc does not generate documentation for macro invocations
     |
     = help: to document an item produced by a macro, the macro must produce the documentation as part of its expansion

warning: unused doc comment
    --> pcsx2_qt\DebuggerFull.rs:1254:1
     |
1254 | / /// Global registry of live debugger views, used by the static
1255 | | /// `sendEvent` / `broadcastEvent` helpers. Mirrors the
1256 | | /// `g_debugger_window->dockManager().debuggerViews()` lookup.
1257 | | ///
1258 | | /// `Rc<RefCell<DebuggerView>>` is `!Send`, so this storage must be
1259 | | /// thread-local rather than a global `Mutex`-backed `OnceLock`.
     | |_---------------------------------------------------------------^
     |   |
     |   rustdoc does not generate documentation for macro invocations
     |
     = help: to document an item produced by a macro, the macro must produce the documentation as part of its expansion

warning: unnecessary parentheses around assigned value
   --> thirdparty\libzip\Libzip.rs:745:47
    |
745 | pub const ZIP_SOURCE_SUPPORTS_READABLE: i64 = (zip_source_make_command_bitmask(ZipSourceCmd::Open)
    |                                               ^
...
750 |     | zip_source_make_command_bitmask(ZipSourceCmd::Free));
    |                                                          ^
    |
    = note: `#[warn(unused_parens)]` (part of `#[warn(unused)]`) on by default
help: remove these parentheses
    |
745 ~ pub const ZIP_SOURCE_SUPPORTS_READABLE: i64 = zip_source_make_command_bitmask(ZipSourceCmd::Open)
746 |     | zip_source_make_command_bitmask(ZipSourceCmd::Read)
...
749 |     | zip_source_make_command_bitmask(ZipSourceCmd::Error)
750 ~     | zip_source_make_command_bitmask(ZipSourceCmd::Free);
    |

warning: unnecessary parentheses around assigned value
   --> thirdparty\libzip\Libzip.rs:753:47
    |
753 | pub const ZIP_SOURCE_SUPPORTS_SEEKABLE: i64 = (ZIP_SOURCE_SUPPORTS_READABLE
    |                                               ^
...
756 |     | zip_source_make_command_bitmask(ZipSourceCmd::Supports));
    |                                                              ^
    |
help: remove these parentheses
    |
753 ~ pub const ZIP_SOURCE_SUPPORTS_SEEKABLE: i64 = ZIP_SOURCE_SUPPORTS_READABLE
754 |     | zip_source_make_command_bitmask(ZipSourceCmd::Seek)
755 |     | zip_source_make_command_bitmask(ZipSourceCmd::Tell)
756 ~     | zip_source_make_command_bitmask(ZipSourceCmd::Supports);
    |

warning: unnecessary parentheses around assigned value
   --> thirdparty\libzip\Libzip.rs:759:47
    |
759 | pub const ZIP_SOURCE_SUPPORTS_WRITABLE: i64 = (ZIP_SOURCE_SUPPORTS_SEEKABLE
    |                                               ^
...
766 |     | zip_source_make_command_bitmask(ZipSourceCmd::Remove));
    |                                                            ^
    |
help: remove these parentheses
    |
759 ~ pub const ZIP_SOURCE_SUPPORTS_WRITABLE: i64 = ZIP_SOURCE_SUPPORTS_SEEKABLE
760 |     | zip_source_make_command_bitmask(ZipSourceCmd::BeginWrite)
...
765 |     | zip_source_make_command_bitmask(ZipSourceCmd::TellWrite)
766 ~     | zip_source_make_command_bitmask(ZipSourceCmd::Remove);
    |

warning: unexpected `cfg` condition value: `wilcom_tests`
   --> thirdparty\winwil\WilCom.rs:434:17
    |
434 | #[cfg(all(test, feature = "wilcom_tests"))]
    |                 ^^^^^^^^^^^^^^^^^^^^^^^^
    |
    = note: expected values for `feature` are: `default`, `first_party`, `gs`, `spu2`, `thirdparty`, and `usb`
    = help: consider adding `wilcom_tests` as a feature in `Cargo.toml`
    = note: see <https://doc.rust-lang.org/nightly/rustc/check-cfg/cargo-specifics.html> for more information about checking conditional configuration

warning: use of deprecated function `std::arch::x86_64::_mm_getcsr`: see `_mm_getcsr` documentation - use inline assembly instead
  --> common\FPControl.rs:14:26
   |
14 | use core::arch::x86_64::{_mm_getcsr, _mm_setcsr};
   |                          ^^^^^^^^^^
   |
   = note: `#[warn(deprecated)]` on by default

warning: use of deprecated function `std::arch::x86_64::_mm_setcsr`: see `_mm_setcsr` documentation - use inline assembly instead
  --> common\FPControl.rs:14:38
   |
14 | use core::arch::x86_64::{_mm_getcsr, _mm_setcsr};
   |                                      ^^^^^^^^^^

warning: use of deprecated function `std::arch::x86_64::_mm_getcsr`: see `_mm_getcsr` documentation - use inline assembly instead
  --> common\FPControl.rs:71:33
   |
71 |             let bits = unsafe { _mm_getcsr() };
   |                                 ^^^^^^^^^^

warning: use of deprecated function `std::arch::x86_64::_mm_setcsr`: see `_mm_setcsr` documentation - use inline assembly instead
  --> common\FPControl.rs:88:22
   |
88 |             unsafe { _mm_setcsr(self.bitmask) };
   |                      ^^^^^^^^^^

error[E0119]: conflicting implementations of trait `Clone` for type `pcsx2::VmManager::AspectRatio`
   --> pcsx2\VmManager.rs:115:39
    |
115 | #[derive(Clone, Debug, Default, Copy, Clone)]
    |          -----                        ^^^^^ conflicting implementation for `pcsx2::VmManager::AspectRatio`
    |          |
    |          first implementation here

error[E0204]: the trait `std::marker::Copy` cannot be implemented for this type
    --> thirdparty\vulkan\VulkanCore.rs:3840:12
     |
3839 | #[derive(Copy, Clone)]
     |          ---- in this derive macro expansion
3840 | pub struct VkScreenSurfaceCreateInfoQNX {
     |            ^^^^^^^^^^^^^^^^^^^^^^^^^^^^
...
3844 |     pub context: screen_context_t,
     |     ----------------------------- this field does not implement `std::marker::Copy`

error[E0119]: conflicting implementations of trait `PartialEq` for type `common::Error::ErrorKind`
   --> common\Error.rs:38:30
    |
 38 | #[derive(Debug, Clone, Copy, PartialEq, Eq, Hash)]
    |                              ^^^^^^^^^ conflicting implementation for `common::Error::ErrorKind`
...
253 | impl PartialEq for ErrorKind { /* derived */ }
    | ---------------------------- first implementation here

error[E0119]: conflicting implementations of trait `Default` for type `ValueBuilder`
   --> thirdparty\rapidjson\RapidJson.rs:510:17
    |
510 | #[derive(Debug, Default)]
    |                 ^^^^^^^ conflicting implementation for `ValueBuilder`
...
555 | impl Default for ValueBuilder {
    | ----------------------------- first implementation here

error[E0081]: discriminant value `0` assigned more than once
  --> pcsx2\Dmac.rs:41:1
   |
41 | pub enum TagId {
   | ^^^^^^^^^^^^^^
...
44 |     Cnts = 0,
   |            - `0` assigned here
45 |     Refe = 0,
   |            - `0` assigned here

error[E0081]: discriminant value `528486580` assigned more than once
   --> pcsx2\IopHw.rs:112:1
    |
112 | pub enum DmaBcrAddresses {
    | ^^^^^^^^^^^^^^^^^^^^^^^^
...
116 |     HwxDma3Bcr = 0x1F8010B4,
    |                  ---------- `528486580` assigned here
117 |     HwxDma3BcrL16 = 0x1F8010B4,
    |                     ---------- `528486580` assigned here

error[E0277]: `std::cell::UnsafeCell<MemoryCardFile>` cannot be shared between threads safely
    --> pcsx2\SioPad.rs:2070:30
     |
2070 | static MEMCARD_FILE_BACKEND: LazyLock<UnsafeCell<MemoryCardFile>> =
     |                              ^^^^^^^^^^^^^^^^^^^^^^^^^^^^^^^^^^^^ `std::cell::UnsafeCell<MemoryCardFile>` cannot be shared between threads safely
     |
     = help: the trait `Sync` is not implemented for `std::cell::UnsafeCell<MemoryCardFile>`
     = note: required for `LazyLock<std::cell::UnsafeCell<MemoryCardFile>>` to implement `Sync`
     = note: shared static variables must have a type that implements `Sync`

error[E0277]: `std::cell::UnsafeCell<MemoryCardFolder>` cannot be shared between threads safely
    --> pcsx2\SioPad.rs:2072:32
     |
2072 | static MEMCARD_FOLDER_BACKEND: LazyLock<UnsafeCell<MemoryCardFolder>> =
     |                                ^^^^^^^^^^^^^^^^^^^^^^^^^^^^^^^^^^^^^^ `std::cell::UnsafeCell<MemoryCardFolder>` cannot be shared between threads safely
     |
     = help: the trait `Sync` is not implemented for `std::cell::UnsafeCell<MemoryCardFolder>`
     = note: required for `LazyLock<std::cell::UnsafeCell<MemoryCardFolder>>` to implement `Sync`
     = note: shared static variables must have a type that implements `Sync`

error[E0277]: `std::cell::RefCell<BusShared>` cannot be shared between threads safely
   --> pcsx2\SioSmall.rs:347:17
    |
347 |     static BUS: OnceLock<RefCell<BusShared>> = OnceLock::new();
    |                 ^^^^^^^^^^^^^^^^^^^^^^^^^^^^ `std::cell::RefCell<BusShared>` cannot be shared between threads safely
    |
    = help: the trait `Sync` is not implemented for `std::cell::RefCell<BusShared>`
    = note: if you want to do aliasing and mutation between multiple threads, use `std::sync::RwLock` instead
    = note: required for `OnceLock<std::cell::RefCell<BusShared>>` to implement `Sync`
    = note: shared static variables must have a type that implements `Sync`

error[E0081]: discriminant value `-1` assigned more than once
   --> thirdparty\include\AnyRs.rs:150:5
    |
150 |     pub enum PcapError {
    |     ^^^^^^^^^^^^^^^^^^
151 |         Ok = 0,
152 |         Generic = -1,
    |                   -- `-1` assigned here
...
156 |         Error = -1,
    |                 -- `-1` assigned here

error[E0599]: no method named `allocate` found for struct `System` in the current scope
   --> common\AlignedMalloc.rs:172:33
    |
172 |         let raw = alloc::System.allocate(layout) as *mut u8;
    |                                 ^^^^^^^^
    |
   ::: C:\Users\X\.rustup\toolchains\stable-x86_64-pc-windows-msvc\lib/rustlib/src/rust\library\core\src\alloc\mod.rs:140:8
    |
140 |     fn allocate(&self, layout: Layout) -> Result<NonNull<[u8]>, AllocError>;
    |        -------- the method is available for `System` here
    |
    = help: items from traits can only be used if the trait is in scope
help: trait `Allocator` which provides `allocate` is implemented but not in scope; perhaps you want to import it
    |
 21 + use std::alloc::Allocator;
    |
help: there is a method `alloc` with a similar name
    |
172 -         let raw = alloc::System.allocate(layout) as *mut u8;
172 +         let raw = alloc::System.alloc(layout) as *mut u8;
    |

error[E0599]: no method named `deallocate` found for struct `System` in the current scope
   --> common\AlignedMalloc.rs:191:19
    |
191 |     alloc::System.deallocate(user_ptr.sub(PREFIX), layout);
    |                   ^^^^^^^^^^
    |
   ::: C:\Users\X\.rustup\toolchains\stable-x86_64-pc-windows-msvc\lib/rustlib/src/rust\library\core\src\alloc\mod.rs:173:15
    |
173 |     unsafe fn deallocate(&self, ptr: NonNull<u8>, layout: Layout);
    |               ---------- the method is available for `System` here
    |
    = help: items from traits can only be used if the trait is in scope
help: trait `Allocator` which provides `deallocate` is implemented but not in scope; perhaps you want to import it
    |
 21 + use std::alloc::Allocator;
    |
help: there is a method `dealloc` with a similar name
    |
191 -     alloc::System.deallocate(user_ptr.sub(PREFIX), layout);
191 +     alloc::System.dealloc(user_ptr.sub(PREFIX), layout);
    |

error[E0277]: the trait bound `std::fs::File: Clone` is not satisfied
    --> common\Console.rs:325:53
     |
 325 |     let Some(mut file) = state.file_handle.as_ref().cloned() else {
     |                                                     ^^^^^^ the trait `Clone` is not implemented for `std::fs::File`
     |
note: required by a bound in `Option::<&T>::cloned`
    --> C:\Users\X\.rustup\toolchains\stable-x86_64-pc-windows-msvc\lib/rustlib/src/rust\library\core\src\option.rs:2162:12
     |
2160 |     pub fn cloned(self) -> Option<T>
     |            ------ required by a bound in this associated function
2161 |     where
2162 |         T: Clone,
     |            ^^^^^ required by this bound in `Option::<&T>::cloned`

error[E0599]: no method named `unlock` found for struct `std::sync::Mutex<T>` in the current scope
   --> common\Console.rs:329:24
    |
329 |     let _ = FILE_MUTEX.unlock();
    |                        ^^^^^^
    |
help: there is a method `lock` with a similar name
    |
329 -     let _ = FILE_MUTEX.unlock();
329 +     let _ = FILE_MUTEX.lock();
    |

error[E0658]: use of unstable library feature `backtrace_frames`
   --> common\CrashHandler.rs:363:37
    |
363 |                 for f in self.inner.frames() {
    |                                     ^^^^^^
    |
    = note: see issue #79676 <https://github.com/rust-lang/rust/issues/79676> for more information

error[E0599]: no method named `symbols` found for reference `&BacktraceFrame` in the current scope
   --> common\CrashHandler.rs:364:36
    |
364 |                     let symbol = f.symbols().first().map(|s| {
    |                                    ^^^^^^^ private field, not a method

error[E0599]: no method named `ip` found for reference `&BacktraceFrame` in the current scope
   --> common\CrashHandler.rs:371:48
    |
371 |                     let ip = format!("{:?}", f.ip());
    |                                                ^^ method not found in `&BacktraceFrame`

error[E0308]: `match` arms have incompatible types
   --> common\FileSystem.rs:347:18
    |
341 | /         match c {
342 | |             'r' => opts.read(true),
343 | |             'w' => opts.write(true).create(true).truncate(true),
344 | |             'a' => opts.write(true).create(true).append(true),
345 | |             '+' => opts.read(true).write(true).create(true),
346 | |             'x' => opts.create_new(true),
    | |                    --------------------- this and all prior arms are found to be of type `&mut OpenOptions`
347 | |             _ => opts,
    | |                  ^^^^ expected `&mut OpenOptions`, found `OpenOptions`
348 | |         };
    | |_________- `match` arms have incompatible types
    |
help: consider mutably borrowing here
    |
347 |             _ => &mut opts,
    |                  ++++

error[E0369]: no implementation for `&mut u64 << {integer}`
  --> common\HashCombine.rs:24:60
   |
24 |     *seed ^= v.wrapping_add(0x9e37_79b9).wrapping_add(seed << 6).wrapping_add(*seed >> 2);
   |                                                       ---- ^^ - {integer}
   |                                                       |
   |                                                       &mut u64
   |
help: `<<` can be used on `u64` if you dereference the left-hand side
   |
24 |     *seed ^= v.wrapping_add(0x9e37_79b9).wrapping_add(*seed << 6).wrapping_add(*seed >> 2);
   |                                                       +

error[E0277]: can't compare `Q1` with `Q2`
  --> common\HeterogeneousContainers.rs:70:13
   |
70 |         lhs == rhs
   |             ^^ no implementation for `Q1 == Q2`
   |
   = note: required for `&Q1` to implement `PartialEq<&Q2>`

error[E0308]: mismatched types
   --> common\HeterogeneousContainers.rs:129:15
    |
123 |     pub fn cmp_str<Q1, Q2>(&self, lhs: &Q1, rhs: &Q2) -> bool
    |                    --  -- found type parameter
    |                    |
    |                    expected type parameter
...
129 |         lhs < rhs
    |               ^^^ expected `&Q1`, found `&Q2`
    |
    = note: expected reference `&Q1`
               found reference `&Q2`
    = note: a type parameter was expected, but a different one was found; you might be missing a type parameter or trait bound
    = note: for more information, visit https://doc.rust-lang.org/book/ch10-02-traits.html#traits-as-parameters

error[E0277]: the trait bound `Value: sealed_dispatch::Read<Value>` is not satisfied
   --> common\MemoryInterface.rs:437:10
    |
437 |         <Value as sealed_dispatch::Read<Value>>::read(self, address)
    |          ^^^^^ the trait `sealed_dispatch::Read<Value>` is not implemented for `Value`
    |
help: consider further restricting type parameter `Value` with trait `Read`
    |
436 |     fn read<Value: MemoryAccessType + common::MemoryInterface::sealed_dispatch::Read<Value>>(&mut self, address: MemoryAddress) -> Value {
    |                                     +++++++++++++++++++++++++++++++++++++++++++++++++++++++

error[E0277]: the trait bound `Value: sealed_dispatch::Write<Value>` is not satisfied
   --> common\MemoryInterface.rs:444:10
    |
444 |         <Value as sealed_dispatch::Write<Value>>::write(self, address, value)
    |          ^^^^^ the trait `sealed_dispatch::Write<Value>` is not implemented for `Value`
    |
help: consider further restricting type parameter `Value` with trait `Write`
    |
443 |     fn write<Value: MemoryAccessType + common::MemoryInterface::sealed_dispatch::Write<Value>>(&mut self, address: MemoryAddress, value: Value) -> bool {
    |                                      ++++++++++++++++++++++++++++++++++++++++++++++++++++++++

error[E0308]: mismatched types
   --> common\StackWalkerEtc.rs:297:13
    |
296 |         static NV_OPTIMUS_ENABLEMENT_DIRECTIVE: [u8; 28] =
    |                                                 -------- expected because of the type of the static
297 |             *b" /EXPORT:NvOptimusEnablement\0";
    |             ^^^^^^^^^^^^^^^^^^^^^^^^^^^^^^^^^^ expected an array with a size of 28, found one with a size of 29

error[E0599]: no associated function or constant named `from_str_radix` found for type parameter `T` in the current scope
   --> common\StringUtil.rs:328:8
    |
323 | pub fn from_chars<T>(s: &str, base: u32) -> Option<T>
    |                   - associated function or constant `from_str_radix` not found for this type parameter
...
328 |     T::from_str_radix(s, base).ok()
    |        ^^^^^^^^^^^^^^ associated function or constant not found in `T`
    |
help: there is an associated function `from_str` with a similar name
   --> C:\Users\X\.rustup\toolchains\stable-x86_64-pc-windows-msvc\lib/rustlib/src/rust\library\core\src\str\traits.rs:908:5
    |
908 |     fn from_str(s: &str) -> Result<Self, Self::Err>;
    |     ^^^^^^^^^^^^^^^^^^^^^^^^^^^^^^^^^^^^^^^^^^^^^^^^

error[E0308]: mismatched types
  --> common\TextureDecompress.rs:68:24
   |
61 | fn decompress_bc1_into(src: &[u8], width: u32, height: u32, out: &mut [u8]) {
   |                                                                            - help: a return type might be missing here: `-> _`
...
68 |                 return vec![];
   |                        ^^^^^^ expected `()`, found `Vec<_>`
   |
   = note: expected unit type `()`
                 found struct `Vec<_>`

error[E0015]: cannot call non-const associated function `pcsx2::CdvdDiscThread::CDVDState::new` in statics
   --> pcsx2\CdvdDiscThread.rs:877:43
    |
877 | pub static mut CDVD: CDVDState = unsafe { CDVDState::new() };
    |                                           ^^^^^^^^^^^^^^^^
    |
    = note: calls in statics are limited to constant functions, tuple structs and tuple variants
    = note: consider wrapping this expression in `std::sync::LazyLock::new(|| ...)`

error[E0015]: cannot call non-const associated function `Ps1CD::new` in statics
    --> pcsx2\CdvdDiscThread.rs:1237:38
     |
1237 | pub static mut CDR: Ps1CD = unsafe { Ps1CD::new() };
     |                                      ^^^^^^^^^^^^
     |
     = note: calls in statics are limited to constant functions, tuple structs and tuple variants
     = note: consider wrapping this expression in `std::sync::LazyLock::new(|| ...)`

error[E0308]: mismatched types
   --> pcsx2\CdvdFormatReaders.rs:277:46
    |
277 |         if self.try_cached_read(dst, offset, total) {
    |                 ---------------              ^^^^^ expected `usize`, found `u32`
    |                 |
    |                 arguments to this method are incorrect
    |
note: method defined here
   --> pcsx2\CdvdFormatReaders.rs:320:8
    |
320 |     fn try_cached_read(&mut self, _dst: &mut [u8], _offset: u64, _size: usize) -> bool {
    |        ^^^^^^^^^^^^^^^                                           ------------
help: you can convert a `u32` to a `usize` and panic if the converted value doesn't fit
    |
277 |         if self.try_cached_read(dst, offset, total.try_into().unwrap()) {
    |                                                   ++++++++++++++++++++

error[E0308]: mismatched types
   --> pcsx2\CdvdFormatReaders.rs:283:45
    |
283 |             if self.decompress(dst, offset, total) {
    |                     ----------              ^^^^^ expected `usize`, found `u32`
    |                     |
    |                     arguments to this method are incorrect
    |
note: method defined here
   --> pcsx2\CdvdFormatReaders.rs:325:8
    |
325 |     fn decompress(&self, _dst: &mut [u8], _offset: u64, _size: usize) -> bool {
    |        ^^^^^^^^^^                                       ------------
help: you can convert a `u32` to a `usize` and panic if the converted value doesn't fit
    |
283 |             if self.decompress(dst, offset, total.try_into().unwrap()) {
    |                                                  ++++++++++++++++++++

error[E0308]: mismatched types
   --> pcsx2\CdvdFormatReaders.rs:284:24
    |
271 |     pub fn read_sync(&mut self, dst: &mut [u8], sector: u32, count: u32) -> usize {
    |                                                                             ----- expected `usize` because of return type
...
284 |                 return total;
    |                        ^^^^^ expected `usize`, found `u32`
    |
help: you can convert a `u32` to a `usize` and panic if the converted value doesn't fit
    |
284 |                 return total.try_into().unwrap();
    |                             ++++++++++++++++++++

error[E0600]: cannot apply unary operator `-` to type `u32`
    --> pcsx2\DebugToolsFull.rs:2108:30
     |
2108 | ...                   (-(a[0] as f32).to_bits() as i32 as f32).to_bits() as u64
     |                        ^^^^^^^^^^^^^^^^^^^^^^^^ cannot apply unary operator `-`
     |
     = note: unsigned values cannot be negated

error[E0308]: mismatched types
    --> pcsx2\DebugToolsFull.rs:2418:40
     |
2418 |     let offset = ((target.wrapping_sub(address).wrapping_add(4) / 4) & 0xFFFF) as u32;
     |                           ------------ ^^^^^^^ expected `u64`, found `u32`
     |                           |
     |                           arguments to this method are incorrect
     |
note: method defined here
    --> C:\Users\X\.rustup\toolchains\stable-x86_64-pc-windows-msvc\lib/rustlib/src/rust\library\core\src\num\uint_macros.rs:2547:22
     |
2547 |           pub const fn wrapping_sub(self, rhs: Self) -> Self {
     |                        ^^^^^^^^^^^^
     |
    ::: C:\Users\X\.rustup\toolchains\stable-x86_64-pc-windows-msvc\lib/rustlib/src/rust\library\core\src\num\mod.rs:1270:5
     |
1270 | /     uint_impl! {
1271 | |         Self = u64,
1272 | |         ActualT = u64,
1273 | |         SignedT = i64,
...    |
1293 | |         bound_condition = "",
1294 | |     }
     | |_____- in this macro invocation
     = note: this error originates in the macro `uint_impl` (in Nightly builds, run with -Z macro-backtrace for more info)
help: you can convert a `u32` to a `u64`
     |
2418 |     let offset = ((target.wrapping_sub(address.into()).wrapping_add(4) / 4) & 0xFFFF) as u32;
     |                                               +++++++

error[E0308]: mismatched types
    --> pcsx2\DebugToolsFull.rs:2428:40
     |
2428 |     let offset = ((target.wrapping_sub(address).wrapping_add(4) / 4) & 0xFFFF) as u32;
     |                           ------------ ^^^^^^^ expected `u64`, found `u32`
     |                           |
     |                           arguments to this method are incorrect
     |
note: method defined here
    --> C:\Users\X\.rustup\toolchains\stable-x86_64-pc-windows-msvc\lib/rustlib/src/rust\library\core\src\num\uint_macros.rs:2547:22
     |
2547 |           pub const fn wrapping_sub(self, rhs: Self) -> Self {
     |                        ^^^^^^^^^^^^
     |
    ::: C:\Users\X\.rustup\toolchains\stable-x86_64-pc-windows-msvc\lib/rustlib/src/rust\library\core\src\num\mod.rs:1270:5
     |
1270 | /     uint_impl! {
1271 | |         Self = u64,
1272 | |         ActualT = u64,
1273 | |         SignedT = i64,
...    |
1293 | |         bound_condition = "",
1294 | |     }
     | |_____- in this macro invocation
     = note: this error originates in the macro `uint_impl` (in Nightly builds, run with -Z macro-backtrace for more info)
help: you can convert a `u32` to a `u64`
     |
2428 |     let offset = ((target.wrapping_sub(address.into()).wrapping_add(4) / 4) & 0xFFFF) as u32;
     |                                               +++++++

error[E0308]: `match` arms have incompatible types
   --> pcsx2\Dev9AtaCmds.rs:737:31
    |
731 | /     match drive.reg_feature() {
732 | |         0xD8 => smart_enable_ops(drive, true),
733 | |         0xD9 => smart_enable_ops(drive, false),
734 | |         0xD2 => smart_set_autosave_attribute(drive),
735 | |         0xD3 => smart_save_attribute(drive),
736 | |         0xDA => smart_return_status(drive),
    | |                 -------------------------- this and all prior arms are found to be of type `()`
737 | |         0xD1 | 0xD0 | 0xD5 => cmd_no_data_abort(drive),
    | |                               ^^^^^^^^^^^^^^^^^^^^^^^^ expected `()`, found `Result<(), String>`
738 | |         0xD4 => smart_execute_offline_immediate(drive),
739 | |         _ => cmd_no_data_abort(drive),
740 | |     }
    | |_____- `match` arms have incompatible types
    |
    = note: expected unit type `()`
                    found enum `std::result::Result<(), String>`
help: use the `?` operator to extract the `std::result::Result<(), String>` value, propagating a `Result::Err` value to the caller
    |
737 |         0xD1 | 0xD0 | 0xD5 => cmd_no_data_abort(drive)?,
    |                                                       +

error[E0308]: `match` arms have incompatible types
   --> pcsx2\Dev9AtaCmds.rs:872:17
    |
870 | /     match drive.reg_feature() {
871 | |         0xF1 | 0xF2 | 0xF3 | 0xF4 | 0xF5 | 0x20 | 0x30 => cmd_no_data_abort(drive),
    | |                                                           ------------------------ this is found to be of type `std::result::Result<(), String>`
872 | |         0xEC => sce_identify_drive(drive),
    | |                 ^^^^^^^^^^^^^^^^^^^^^^^^^ expected `Result<(), String>`, found `()`
873 | |         _ => cmd_no_data_abort(drive),
874 | |     }
    | |_____- `match` arms have incompatible types
    |
    = note:   expected enum `std::result::Result<(), String>`
            found unit type `()`
help: try wrapping the expression in `Ok`
    |
872 |         0xEC => Ok(sce_identify_drive(drive)),
    |                 +++                         +

error[E0599]: the method `clone` exists for struct `std::sync::MutexGuard<'_, Vec<Box<(dyn UdpBaseSession + 'static)>>>`, but its trait bounds were not satisfied
    --> pcsx2\Dev9Sessions.rs:1061:83
     |
1061 |               let conns = { self.connections.lock().expect("UdpFixedPort poisoned").clone() };
     |                                                                                     ^^^^^ method cannot be called due to unsatisfied trait bounds
     |
    ::: C:\Users\X\.rustup\toolchains\stable-x86_64-pc-windows-msvc\lib/rustlib/src/rust\library\alloc\src\boxed.rs:234:1
     |
 234 | / pub struct Box<
 235 | |     T: ?Sized,
 236 | |     #[unstable(feature = "allocator_api", issue = "32838")] A: Allocator = Global,
 237 | | >(Unique<T>, A);
     | |_- doesn't satisfy `Box<dyn UdpBaseSession>: Clone`
     |
    ::: C:\Users\X\.rustup\toolchains\stable-x86_64-pc-windows-msvc\lib/rustlib/src/rust\library\alloc\src\vec\mod.rs:438:1
     |
 438 |   pub struct Vec<T, #[unstable(feature = "allocator_api", issue = "32838")] A: Allocator = Global> {
     |   ------------------------------------------------------------------------------------------------ doesn't satisfy `Vec<Box<dyn UdpBaseSession>>: Clone`
     |
     = note: the following trait bounds were not satisfied:
             `Box<dyn UdpBaseSession>: Clone`
             which is required by `Vec<Box<dyn UdpBaseSession>>: Clone`

error[E0599]: the method `clone` exists for struct `std::sync::MutexGuard<'_, Vec<Box<(dyn UdpBaseSession + 'static)>>>`, but its trait bounds were not satisfied
    --> pcsx2\Dev9Sessions.rs:1085:79
     |
1085 |           let conns = { self.connections.lock().expect("UdpFixedPort poisoned").clone() };
     |                                                                                 ^^^^^ method cannot be called due to unsatisfied trait bounds
     |
    ::: C:\Users\X\.rustup\toolchains\stable-x86_64-pc-windows-msvc\lib/rustlib/src/rust\library\alloc\src\boxed.rs:234:1
     |
 234 | / pub struct Box<
 235 | |     T: ?Sized,
 236 | |     #[unstable(feature = "allocator_api", issue = "32838")] A: Allocator = Global,
 237 | | >(Unique<T>, A);
     | |_- doesn't satisfy `Box<dyn UdpBaseSession>: Clone`
     |
    ::: C:\Users\X\.rustup\toolchains\stable-x86_64-pc-windows-msvc\lib/rustlib/src/rust\library\alloc\src\vec\mod.rs:438:1
     |
 438 |   pub struct Vec<T, #[unstable(feature = "allocator_api", issue = "32838")] A: Allocator = Global> {
     |   ------------------------------------------------------------------------------------------------ doesn't satisfy `Vec<Box<dyn UdpBaseSession>>: Clone`
     |
     = note: the following trait bounds were not satisfied:
             `Box<dyn UdpBaseSession>: Clone`
             which is required by `Vec<Box<dyn UdpBaseSession>>: Clone`

error[E0308]: mismatched types
    --> pcsx2\FinalCore.rs:1267:70
     |
1267 |     pub fn hw_scratchpad_read128(_a: u32, _out: &mut u128) { *_out = [0u64, 0u64] }
     |                                                              -----   ^^^^^^^^^^^^ expected `u128`, found `[u64; 2]`
     |                                                              |
     |                                                              expected due to the type of this binding

error[E0277]: the trait bound `FullscreenUiContext: Clone` is not satisfied
    --> pcsx2\FinalPeripherals.rs:3017:5
     |
3015 | #[derive(Debug, Clone)]
     |                 ----- in this derive macro expansion
3016 | pub struct ImGuiManagerState {
3017 |     pub context: FullscreenUiContext,
     |     ^^^^^^^^^^^^^^^^^^^^^^^^^^^^^^^^ unsatisfied trait bound
     |
help: the trait `Clone` is not implemented for `FullscreenUiContext`
    --> pcsx2\FinalPeripherals.rs:2990:1
     |
2990 | pub struct FullscreenUiContext {
     | ^^^^^^^^^^^^^^^^^^^^^^^^^^^^^^

error[E0308]: mismatched types
   --> pcsx2\GsDeviceDx11Mtl.rs:815:42
    |
815 |     let _pause: unsafe extern "C" fn() = std::arch::x86_64::_mm_pause;
    |                 ----------------------   ^^^^^^^^^^^^^^^^^^^^^^^^^^^^ expected "C" fn, found "Rust" fn
    |                 |
    |                 expected due to this
    |
    = note: expected fn pointer `unsafe extern "C" fn()`
                  found fn item `fn() {_mm_pause}`

error[E0277]: the trait bound `GsDeviceDx11Mtl::GsTextureFormat: Default` is not satisfied
    --> pcsx2\GsDeviceDx11Mtl.rs:1177:5
     |
1172 | #[derive(Copy, Clone, Debug, Default)]
     |                              ------- in this derive macro expansion
...
1177 |     pub rt: GsTextureFormat,
     |     ^^^^^^^^^^^^^^^^^^^^^^^ the trait `Default` is not implemented for `GsDeviceDx11Mtl::GsTextureFormat`
     |
help: consider annotating `GsDeviceDx11Mtl::GsTextureFormat` with `#[derive(Default)]`
     |
  49 + #[derive(Default)]
  50 | pub enum GsTextureFormat {
     |

error[E0277]: the trait bound `GsDeviceOpenGl::ShaderConvert: Default` is not satisfied
   --> pcsx2\GsDeviceOpenGl.rs:199:34
    |
198 | #[derive(Debug, Default, Clone, Copy, PartialEq, Eq)]
    |                 ------- in this derive macro expansion
199 | pub struct ShaderConvertSelector(pub ShaderConvert);
    |                                  ^^^^^^^^^^^^^^^^^ the trait `Default` is not implemented for `GsDeviceOpenGl::ShaderConvert`
    |
help: consider annotating `GsDeviceOpenGl::ShaderConvert` with `#[derive(Default)]`
    |
191 + #[derive(Default)]
192 | pub enum ShaderConvert {
    |

error[E0061]: this function takes 2 arguments but 1 argument was supplied
   --> pcsx2\GsHeadless.rs:332:42
    |
332 |         Self { lo: b[0], hi: b[1], regs: GsReg128::new(((b[3] as u64) << 32) | (b[2] as u64)) }
    |                                          ^^^^^^^^^^^^^--------------------------------------- argument #2 of type `u64` is missing
    |
note: associated function defined here
   --> pcsx2\GsHeadless.rs:182:18
    |
182 |     pub const fn new(lo: u64, hi: u64) -> Self { Self([lo, hi]) }
    |                  ^^^          -------
help: provide the argument
    |
332 |         Self { lo: b[0], hi: b[1], regs: GsReg128::new(((b[3] as u64) << 32) | (b[2] as u64), /* u64 */) }
    |                                                                                             +++++++++++

error[E0277]: the trait bound `[u8; 4194304]: Default` is not satisfied
   --> pcsx2\GsHeadless.rs:528:5
    |
526 | #[derive(Clone, Copy, Default)]
    |                       ------- in this derive macro expansion
527 | pub struct GSLocalMemory {
528 |     pub data: [u8; VM_SIZE],
    |     ^^^^^^^^^^^^^^^^^^^^^^^ the trait `Default` is not implemented for `[u8; 4194304]`
    |
    = help: the following other types implement trait `Default`:
              &[T]
              &mut [T]
              [T; 0]
              [T; 1]
              [T; 2]
              [T; 3]
              [T; 4]
              [T; 5]
            and 27 others

error[E0277]: the trait bound `[u8; 64]: Default` is not satisfied
   --> pcsx2\GsHeadless.rs:536:5
    |
533 | #[derive(Clone, Copy, Default)]
    |                       ------- in this derive macro expansion
...
536 |     pub ids: [u8; 64],
    |     ^^^^^^^^^^^^^^^^^ the trait `Default` is not implemented for `[u8; 64]`
    |
    = help: the following other types implement trait `Default`:
              &[T]
              &mut [T]
              [T; 0]
              [T; 1]
              [T; 2]
              [T; 3]
              [T; 4]
              [T; 5]
            and 27 others

error[E0599]: no associated function or constant named `new` found for struct `GsHeadless::GSClut` in the current scope
   --> pcsx2\GsHeadless.rs:881:39
    |
574 | pub struct GSClut {
    | ----------------- associated function or constant `new` not found for this struct
...
881 |             clut:             GSClut::new(),
    |                                       ^^^ associated function or constant not found in `GsHeadless::GSClut`

error[E0271]: type mismatch resolving `<dyn HostInterface as Pointee>::Metadata == ()`
   --> pcsx2\GsHostVarious.rs:622:49
    |
622 | pub static mut G_HOST: *mut dyn HostInterface = std::ptr::null_mut();
    |                                                 ^^^^^^^^^^^^^^^^^^^^ expected `()`, found `DynMetadata<dyn HostInterface>`
    |
    = note: expected unit type `()`
                  found struct `DynMetadata<(dyn HostInterface + 'static)>`
    = note: required for `(dyn HostInterface + 'static)` to implement `Thin`
note: required by a bound in `null_mut`
   --> C:\Users\X\.rustup\toolchains\stable-x86_64-pc-windows-msvc\lib/rustlib/src/rust\library\core\src\ptr\mod.rs:867:41
    |
867 | pub const fn null_mut<T: PointeeSized + Thin>() -> *mut T {
    |                                         ^^^^ required by this bound in `null_mut`

error[E0277]: the trait bound `f32: Eq` is not satisfied
   --> pcsx2\GsHwRenderer.rs:908:5
    |
898 | #[derive(Clone, Copy, Debug, Default, PartialEq, Eq)]
    |                                                  -- in this derive macro expansion
...
908 |     pub userhacks_tcoffset_x: f32,
    |     ^^^^^^^^^^^^^^^^^^^^^^^^^^^^^ the trait `Eq` is not implemented for `f32`
    |
    = help: the following other types implement trait `Eq`:
              i128
              i16
              i32
              i64
              i8
              isize
              u128
              u16
            and 4 others
note: required by a bound in `std::cmp::AssertParamIsEq`
   --> C:\Users\X\.rustup\toolchains\stable-x86_64-pc-windows-msvc\lib/rustlib/src/rust\library\core\src\cmp.rs:379:31
    |
379 | pub struct AssertParamIsEq<T: Eq + PointeeSized> {
    |                               ^^ required by this bound in `AssertParamIsEq`

error[E0015]: cannot call non-const associated function `<String as From<&str>>::from` in statics
   --> pcsx2\GsMainEtc.rs:408:24
    |
408 |     capture_container: String::from("mp4"),
    |                        ^^^^^^^^^^^^^^^^^^^
    |
    = note: calls in statics are limited to constant functions, tuple structs and tuple variants
    = note: consider wrapping this expression in `std::sync::LazyLock::new(|| ...)`

error[E0277]: the trait bound `u16: From<usize>` is not satisfied
   --> pcsx2\GsMainEtc.rs:801:16
    |
801 |             if u16::from(len) != !nlen {
    |                ^^^ the trait `From<usize>` is not implemented for `u16`
    |
    = help: `u16` implements trait `From<T>`:
              From<Pcsx2Types::s128>
              From<Pcsx2Types::u128>
              From<bool>
              From<std::ascii::Char>
              From<u8>

error[E0277]: `GsRendererMain::GSRenderer` doesn't implement `Debug`
    --> pcsx2\GsRendererMain.rs:2003:5
     |
2001 | #[derive(Debug)]
     |          ----- in this derive macro expansion
2002 | pub struct GSRendererSW {
2003 |     pub base: GSRenderer,
     |     ^^^^^^^^^^^^^^^^^^^^ unsatisfied trait bound
     |
help: the trait `Debug` is not implemented for `GsRendererMain::GSRenderer`
    --> pcsx2\GsRendererMain.rs:1547:1
     |
1547 | pub struct GSRenderer {
     | ^^^^^^^^^^^^^^^^^^^^^
     = note: add `#[derive(Debug)]` to `GsRendererMain::GSRenderer` or manually `impl Debug for GsRendererMain::GSRenderer`

error[E0277]: `GsRendererMain::GSTextureCacheSW` doesn't implement `Debug`
    --> pcsx2\GsRendererMain.rs:2004:5
     |
2001 | #[derive(Debug)]
     |          ----- in this derive macro expansion
...
2004 |     pub m_tc: Option<Box<GSTextureCacheSW>>,
     |     ^^^^^^^^^^^^^^^^^^^^^^^^^^^^^^^^^^^^^^^ the trait `Debug` is not implemented for `GsRendererMain::GSTextureCacheSW`
     |
     = note: add `#[derive(Debug)]` to `GsRendererMain::GSTextureCacheSW` or manually `impl Debug for GsRendererMain::GSTextureCacheSW`
help: the trait `Debug` is implemented for `Option<T>`
    --> C:\Users\X\.rustup\toolchains\stable-x86_64-pc-windows-msvc\lib/rustlib/src/rust\library\core\src\option.rs:594:16
     |
 594 | #[derive(Copy, Debug, Hash)]
     |                ^^^^^
help: consider annotating `GsRendererMain::GSTextureCacheSW` with `#[derive(Debug)]`
     |
1649 + #[derive(Debug)]
1650 | pub struct GSTextureCacheSW {
     |

error[E0277]: `GsRendererMain::GSRasterizerList` doesn't implement `Debug`
    --> pcsx2\GsRendererMain.rs:2005:5
     |
2001 | #[derive(Debug)]
     |          ----- in this derive macro expansion
...
2005 |     pub m_rl: Option<Box<GSRasterizerList>>,
     |     ^^^^^^^^^^^^^^^^^^^^^^^^^^^^^^^^^^^^^^^ unsatisfied trait bound
     |
help: the trait `Debug` is not implemented for `GsRendererMain::GSRasterizerList`
    --> pcsx2\GsRendererMain.rs:1929:1
     |
1929 | pub struct GSRasterizerList {
     | ^^^^^^^^^^^^^^^^^^^^^^^^^^^
     = note: add `#[derive(Debug)]` to `GsRendererMain::GSRasterizerList` or manually `impl Debug for GsRendererMain::GSRasterizerList`
help: the trait `Debug` is implemented for `Option<T>`
    --> C:\Users\X\.rustup\toolchains\stable-x86_64-pc-windows-msvc\lib/rustlib/src/rust\library\core\src\option.rs:594:16
     |
 594 | #[derive(Copy, Debug, Hash)]
     |                ^^^^^

error[E0277]: `GsRendererMain::GSRenderer` doesn't implement `Debug`
    --> pcsx2\GsRendererMain.rs:2079:5
     |
2077 | #[derive(Debug)]
     |          ----- in this derive macro expansion
2078 | pub struct GSRendererNull {
2079 |     pub base: GSRenderer,
     |     ^^^^^^^^^^^^^^^^^^^^ unsatisfied trait bound
     |
help: the trait `Debug` is not implemented for `GsRendererMain::GSRenderer`
    --> pcsx2\GsRendererMain.rs:1547:1
     |
1547 | pub struct GSRenderer {
     | ^^^^^^^^^^^^^^^^^^^^^
     = note: add `#[derive(Debug)]` to `GsRendererMain::GSRenderer` or manually `impl Debug for GsRendererMain::GSRenderer`

error[E0599]: the associated function or constant `default` exists for struct `GsCodeCacheMap<T>`, but its trait bounds were not satisfied
    --> pcsx2\GsSwHeaders.rs:1054:34
     |
1049 | pub struct GsCodeCacheMap<T> {
     | ---------------------------- associated function or constant `default` not found for this struct because it doesn't satisfy `GsCodeCacheMap<T>: Default`
...
1054 |     pub fn new() -> Self { Self::default() }
     |                                  ^^^^^^^ associated function or constant cannot be called on `GsCodeCacheMap<T>` due to unsatisfied trait bounds
     |
note: if you're trying to build a new `GsCodeCacheMap<T>`, consider using `GsCodeCacheMap::<T>::new` which returns `GsCodeCacheMap<_>`
    --> pcsx2\GsSwHeaders.rs:1054:5
     |
1054 |     pub fn new() -> Self { Self::default() }
     |     ^^^^^^^^^^^^^^^^^^^^
note: trait bound `T: Default` was not satisfied
    --> pcsx2\GsSwHeaders.rs:1049:27
     |
1048 | #[derive(Default)]
     |          ------- in this derive macro expansion
1049 | pub struct GsCodeCacheMap<T> {
     |                           ^ type parameter would need to implement `Default`
     = help: consider manually implementing the trait to avoid undesired bounds
help: consider restricting the type parameter to satisfy the trait bound
     |
1049 | pub struct GsCodeCacheMap<T> where T: Default {
     |                              ++++++++++++++++

error[E0277]: the trait bound `GsPrimClass: Default` is not satisfied
    --> pcsx2\GsSwHeaders.rs:1167:5
     |
1163 | #[derive(Default)]
     |          ------- in this derive macro expansion
...
1167 |     pub primclass:      GsPrimClass,
     |     ^^^^^^^^^^^^^^^^^^^^^^^^^^^^^^^ the trait `Default` is not implemented for `GsPrimClass`
     |
help: consider annotating `GsPrimClass` with `#[derive(Default)]`
     |
 133 + #[derive(Default)]
 134 | pub enum GsPrimClass {
     |

error[E0605]: non-primitive cast: `for<'a, 'b, 'c, 'd, 'e, 'f> extern "C" fn(&'a mut GsRasterizer, &'b GsVertexSW, &'c GsVertexSW, &'d GsVertexSW, &'e GsSwHeaders::GsVector4i, &'f GsSwHeaders::GsVector4i) {GsDrawScanlineDummy}` as `for<'a, 'b, 'c, 'd, 'e, 'f> fn(&'a mut GsRasterizer, &'b GsVertexSW, &'c GsVertexSW, &'d GsVertexSW, &'e GsSwHeaders::GsVector4i, &'f GsSwHeaders::GsVector4i)`
    --> pcsx2\GsSwHeaders.rs:1264:34
     |
1264 |             draw_edge_triangle: [GsDrawScanlineDummy as _; 32],
     |                                  ^^^^^^^^^^^^^^^^^^^^^^^^ invalid cast

error[E0605]: non-primitive cast: `for<'a, 'b, 'c, 'd, 'e, 'f> extern "C" fn(&'a mut GsRasterizer, &'b GsVertexSW, &'c GsVertexSW, &'d GsVertexSW, &'e GsSwHeaders::GsVector4i, &'f GsSwHeaders::GsVector4i) {GsDrawScanlineDummy}` as `for<'a, 'b, 'c, 'd> fn(&'a mut GsRasterizer, &'b GsVertexSW, &'c GsVertexSW, &'d GsVertexSW)`
    --> pcsx2\GsSwHeaders.rs:1265:34
     |
1265 |             draw_edge_line:     [GsDrawScanlineDummy as _; 16],
     |                                  ^^^^^^^^^^^^^^^^^^^^^^^^ invalid cast

error[E0277]: the trait bound `std::time::Instant: Default` is not satisfied
   --> pcsx2\GsUtilEtc.rs:957:5
    |
952 | #[derive(Debug, Default, Clone, Copy)]
    |                 ------- in this derive macro expansion
...
957 |     start: Instant,
    |     ^^^^^^^^^^^^^^ the trait `Default` is not implemented for `std::time::Instant`

error[E0308]: mismatched types
    --> pcsx2\Hw.rs:1241:17
     |
1240 | /              if ((ricm >> 6) & 0xF) == 0 {
1241 | |/                 match (ricm >> 16) & 0xFFF {
1242 | ||                     0x21 => {
1243 | ||                         if RDRAM_SDEVID < RDRAM_DEVICES {
1244 | ||                             RDRAM_SDEVID += 1;
...    ||
1252 | ||                     _ => 0,
1253 | ||                 }
     | ||_________________^ expected `()`, found `u32`
1254 | |              }
     | |______________- `if` expressions without `else` arms expect their inner expression to be `()`
     |
help: consider using a semicolon here
     |
1253 |                 };
     |                  +
help: consider using a semicolon here
     |
1254 |             };
     |              +
help: you might have meant to return this value
     |
1241 ~                 return match (ricm >> 16) & 0xFFF {
1242 |                     0x21 => {
 ...
1252 |                     _ => 0,
1253 ~                 };
     |

error[E0369]: binary operation `!=` cannot be applied to type `T`
   --> pcsx2\ImGuiFullEtc.rs:245:22
    |
245 |         self.current != self.end
    |         ------------ ^^ -------- T
    |         |
    |         T
    |
help: consider further restricting type parameter `T` with trait `PartialEq`
    |
242 | impl<T: Lerp + std::cmp::PartialEq> AnimatedValue<T> {
    |              +++++++++++++++++++++

error[E0369]: binary operation `==` cannot be applied to type `T`
   --> pcsx2\ImGuiFullEtc.rs:288:25
    |
288 |         if self.current == self.end {
    |            ------------ ^^ -------- T
    |            |
    |            T
    |
help: consider further restricting type parameter `T` with trait `PartialEq`
    |
242 | impl<T: Lerp + std::cmp::PartialEq> AnimatedValue<T> {
    |              +++++++++++++++++++++

error[E0599]: no associated function or constant named `clamp` found for type parameter `T` in the current scope
   --> pcsx2\ImGuiFullEtc.rs:294:27
    |
242 | impl<T: Lerp> AnimatedValue<T> {
    |      - associated function or constant `clamp` not found for this type parameter
...
294 |         self.current = T::clamp(raw, T::min(self.start, self.end), T::max(self.start, self.end));
    |                           ^^^^^ associated function or constant cannot be called on `T` due to unsatisfied trait bounds
    |
    = help: items from traits can only be used if the type parameter is bounded by the trait
help: the following trait defines an item `clamp`, perhaps you need to restrict type parameter `T` with it:
    |
242 | impl<T: Lerp + Ord> AnimatedValue<T> {
    |              +++++

error[E0308]: mismatched types
   --> pcsx2\IopBios.rs:381:25
    |
381 |         let idx = (fd - IOP_FIRSTFD) as u32;
    |                         ^^^^^^^^^^^ expected `u32`, found `i32`

error[E0277]: cannot subtract `i32` from `u32`
   --> pcsx2\IopBios.rs:381:23
    |
381 |         let idx = (fd - IOP_FIRSTFD) as u32;
    |                       ^ no implementation for `u32 - i32`
    |
    = help: the trait `Sub<i32>` is not implemented for `u32`
help: the following other types implement trait `Sub<Rhs>`
   --> C:\Users\X\.rustup\toolchains\stable-x86_64-pc-windows-msvc\lib/rustlib/src/rust\library\core\src\ops\arith.rs:210:9
    |
210 |         impl const Sub for $t {
    |         ^^^^^^^^^^^^^^^^^^^^^ `u32` implements `Sub`
...
225 | sub_impl! { usize u8 u16 u32 u64 u128 isize i8 i16 i32 i64 i128 f16 f32 f64 f128 }
    | ---------------------------------------------------------------------------------- in this macro invocation
    |
   ::: C:\Users\X\.rustup\toolchains\stable-x86_64-pc-windows-msvc\lib/rustlib/src/rust\library\core\src\internal_macros.rs:22:9
    |
 22 |         impl const $imp<$u> for &$t {
    |         ^^^^^^^^^^^^^^^^^^^^^^^^^^^ `&u32` implements `Sub<u32>`
...
 33 |         impl const $imp<&$u> for $t {
    |         ^^^^^^^^^^^^^^^^^^^^^^^^^^^ `u32` implements `Sub<&u32>`
...
 44 |         impl const $imp<&$u> for &$t {
    |         ^^^^^^^^^^^^^^^^^^^^^^^^^^^^ `&u32` implements `Sub`
    = note: this error originates in the macro `sub_impl` (in Nightly builds, run with -Z macro-backtrace for more info)

error[E0308]: mismatched types
   --> pcsx2\IopBios.rs:385:20
    |
385 |             freefd(fd);
    |             ------ ^^ expected `i32`, found `u32`
    |             |
    |             arguments to this function are incorrect
    |
note: function defined here
   --> pcsx2\IopBios.rs:344:4
    |
344 | fn freefd(_fd: i32) {
    |    ^^^^^^ --------
help: you can convert a `u32` to an `i32` and panic if the converted value doesn't fit
    |
385 |             freefd(fd.try_into().unwrap());
    |                      ++++++++++++++++++++

error[E0308]: mismatched types
   --> pcsx2\IopBios.rs:440:12
    |
440 |     freefd(state.a0());
    |     ------ ^^^^^^^^^^ expected `i32`, found `u32`
    |     |
    |     arguments to this function are incorrect
    |
note: function defined here
   --> pcsx2\IopBios.rs:344:4
    |
344 | fn freefd(_fd: i32) {
    |    ^^^^^^ --------
help: you can convert a `u32` to an `i32` and panic if the converted value doesn't fit
    |
440 |     freefd(state.a0().try_into().unwrap());
    |                      ++++++++++++++++++++

error[E0277]: the trait bound `[i16; 64]: Default` is not satisfied
   --> pcsx2\Ipu.rs:186:5
    |
184 | #[derive(Clone, Default)]
    |                 ------- in this derive macro expansion
185 | pub struct Decoder {
186 |     pub dct_block: [i16; 64],
    |     ^^^^^^^^^^^^^^^^^^^^^^^^ the trait `Default` is not implemented for `[i16; 64]`
    |
    = help: the following other types implement trait `Default`:
              &[T]
              &mut [T]
              [T; 0]
              [T; 1]
              [T; 2]
              [T; 3]
              [T; 4]
              [T; 5]
            and 27 others

error[E0277]: the trait bound `[u8; 64]: Default` is not satisfied
   --> pcsx2\Ipu.rs:187:5
    |
184 | #[derive(Clone, Default)]
    |                 ------- in this derive macro expansion
...
187 |     pub niq: [u8; 64],
    |     ^^^^^^^^^^^^^^^^^ the trait `Default` is not implemented for `[u8; 64]`
    |
    = help: the following other types implement trait `Default`:
              &[T]
              &mut [T]
              [T; 0]
              [T; 1]
              [T; 2]
              [T; 3]
              [T; 4]
              [T; 5]
            and 27 others

error[E0277]: the trait bound `[u8; 64]: Default` is not satisfied
   --> pcsx2\Ipu.rs:188:5
    |
184 | #[derive(Clone, Default)]
    |                 ------- in this derive macro expansion
...
188 |     pub iq: [u8; 64],
    |     ^^^^^^^^^^^^^^^^ the trait `Default` is not implemented for `[u8; 64]`
    |
    = help: the following other types implement trait `Default`:
              &[T]
              &mut [T]
              [T; 0]
              [T; 1]
              [T; 2]
              [T; 3]
              [T; 4]
              [T; 5]
            and 27 others

error[E0015]: cannot call non-const associated function `TcpListener::bind::<(&str, u16)>` in statics
   --> pcsx2\RDebugFull.rs:610:26
    |
610 |     let listener = match TcpListener::bind(("0.0.0.0", 0)) {
    |                          ^^^^^^^^^^^^^^^^^^^^^^^^^^^^^^^^^
    |
    = note: calls in statics are limited to constant functions, tuple structs and tuple variants
    = note: consider wrapping this expression in `std::sync::LazyLock::new(|| ...)`

error[E0493]: destructor of `std::result::Result<TcpListener, std::io::Error>` cannot be evaluated at compile-time
   --> pcsx2\RDebugFull.rs:610:26
    |
610 |     let listener = match TcpListener::bind(("0.0.0.0", 0)) {
    |                          ^^^^^^^^^^^^^^^^^^^^^^^^^^^^^^^^^ the destructor for this type cannot be evaluated in statics
...
615 |     };
    |      - value is dropped here

error[E0615]: attempted to take value of method `is_saving` on type `&'a mut SaveStateFull::SaveState`
    --> pcsx2\SaveStateFull.rs:1521:20
     |
1521 |         self.state.is_saving
     |                    ^^^^^^^^^ method, not a field
     |
help: use parentheses to call the method
     |
1521 |         self.state.is_saving()
     |                             ++

error[E0599]: no associated function or constant named `default_value` found for type parameter `T` in the current scope
    --> pcsx2\SaveStateFull.rs:1715:36
     |
1708 | impl<T: StateValue> StateValue for Vec<T> {
     |      - associated function or constant `default_value` not found for this type parameter
...
1715 |                 let mut value = T::default_value();
     |                                    ^^^^^^^^^^^^^ associated function or constant cannot be called on `T` due to unsatisfied trait bounds
     |
     = help: items from traits can only be used if the type parameter is bounded by the trait
help: the following trait defines an item `default_value`, perhaps you need to restrict type parameter `T` with it:
     |
1708 | impl<T: StateValue + StateDefault> StateValue for Vec<T> {
     |                    ++++++++++++++

error[E0599]: no associated function or constant named `default_value` found for type parameter `T` in the current scope
    --> pcsx2\SaveStateFull.rs:1735:36
     |
1729 | impl<T: StateValue> StateValue for std::collections::VecDeque<T> {
     |      - associated function or constant `default_value` not found for this type parameter
...
1735 |                 let mut value = T::default_value();
     |                                    ^^^^^^^^^^^^^ associated function or constant cannot be called on `T` due to unsatisfied trait bounds
     |
     = help: items from traits can only be used if the type parameter is bounded by the trait
help: the following trait defines an item `default_value`, perhaps you need to restrict type parameter `T` with it:
     |
1729 | impl<T: StateValue + StateDefault> StateValue for std::collections::VecDeque<T> {
     |                    ++++++++++++++

error[E0308]: mismatched types
    --> pcsx2\SifMainEtc.rs:1328:50
     |
1328 |         sif2.iop.counter = (hw_dma2.bcr >> 16) * (hw_dma2.bcr & 0xFFFF) as i32;
     |                                                  ^^^^^^^^^^^^^^^^^^^^^^^^^^^^^ expected `u32`, found `i32`

error[E0308]: mismatched types
    --> pcsx2\SifMainEtc.rs:1328:28
     |
1328 |         sif2.iop.counter = (hw_dma2.bcr >> 16) * (hw_dma2.bcr & 0xFFFF) as i32;
     |         ----------------   ^^^^^^^^^^^^^^^^^^^^^^^^^^^^^^^^^^^^^^^^^^^^^^^^^^^ expected `i32`, found `u32`
     |         |
     |         expected due to the type of this binding

error[E0277]: cannot multiply `u32` by `i32`
    --> pcsx2\SifMainEtc.rs:1328:48
     |
1328 |         sif2.iop.counter = (hw_dma2.bcr >> 16) * (hw_dma2.bcr & 0xFFFF) as i32;
     |                                                ^ no implementation for `u32 * i32`
     |
     = help: the trait `Mul<i32>` is not implemented for `u32`
     = help: the following other types implement trait `Mul<Rhs>`:
               `&u32` implements `Mul<u32>`
               `&u32` implements `Mul`
               `u32` implements `Mul<&u32>`
               `u32` implements `Mul<Duration>`
               `u32` implements `Mul`

error[E0308]: mismatched types
    --> pcsx2\SifVifSmall.rs:1017:32
     |
1017 |         sif.sif2.iop.counter = sif.hw_dma2_bcr;
     |         --------------------   ^^^^^^^^^^^^^^^ expected `i32`, found `u32`
     |         |
     |         expected due to the type of this binding

error[E0277]: the trait bound `[u32; 256]: Default` is not satisfied
    --> pcsx2\SifVifSmall.rs:1223:5
     |
1173 | #[derive(Clone, Default)]
     |                 ------- in this derive macro expansion
...
1223 |     pub regs: [u32; 0x100],
     |     ^^^^^^^^^^^^^^^^^^^^^^ the trait `Default` is not implemented for `[u32; 256]`
     |
     = help: the following other types implement trait `Default`:
               &[T]
               &mut [T]
               [T; 0]
               [T; 1]
               [T; 2]
               [T; 3]
               [T; 4]
               [T; 5]
             and 27 others

error[E0015]: cannot call non-const associated function `SioMainEtc::Mcd::new` in constants
   --> pcsx2\SioMainEtc.rs:406:14
    |
406 |     [const { Mcd::new() }; SIO::SLOTS],
    |              ^^^^^^^^^^
    |
    = note: calls in constants are limited to constant functions, tuple structs and tuple variants

error[E0015]: cannot call non-const associated function `SioMainEtc::Mcd::new` in constants
   --> pcsx2\SioMainEtc.rs:407:14
    |
407 |     [const { Mcd::new() }; SIO::SLOTS],
    |              ^^^^^^^^^^
    |
    = note: calls in constants are limited to constant functions, tuple structs and tuple variants

error[E0308]: mismatched types
   --> pcsx2\VifMainEtc.rs:815:33
    |
815 |                     vif0.irq |= (lo >> 31) & 1;
    |                                 ^^^^^^^^^^^^^^ expected `i32`, found `u32`

error[E0277]: no implementation for `i32 |= u32`
   --> pcsx2\VifMainEtc.rs:815:30
    |
815 |                     vif0.irq |= (lo >> 31) & 1;
    |                              ^^ no implementation for `i32 |= u32`
    |
    = help: the trait `BitOrAssign<u32>` is not implemented for `i32`
help: `i32` implements trait `BitOrAssign<Rhs>`
   --> C:\Users\X\.rustup\toolchains\stable-x86_64-pc-windows-msvc\lib/rustlib/src/rust\library\core\src\ops\bit.rs:821:9
    |
821 |         impl const BitOrAssign for $t {
    |         ^^^^^^^^^^^^^^^^^^^^^^^^^^^^^ `BitOrAssign`
...
832 | bitor_assign_impl! { bool usize u8 u16 u32 u64 u128 isize i8 i16 i32 i64 i128 }
    | ------------------------------------------------------------------------------- in this macro invocation
    |
   ::: C:\Users\X\.rustup\toolchains\stable-x86_64-pc-windows-msvc\lib/rustlib/src/rust\library\core\src\internal_macros.rs:61:9
    |
 61 |         impl const $imp<&$u> for $t {
    |         ^^^^^^^^^^^^^^^^^^^^^^^^^^^ `BitOrAssign<&i32>`
    = note: this error originates in the macro `bitor_assign_impl` (in Nightly builds, run with -Z macro-backtrace for more info)

error[E0308]: mismatched types
   --> pcsx2\VifMainEtc.rs:841:33
    |
841 |                     vif1.irq |= (lo >> 31) & 1;
    |                                 ^^^^^^^^^^^^^^ expected `i32`, found `u32`

error[E0277]: no implementation for `i32 |= u32`
   --> pcsx2\VifMainEtc.rs:841:30
    |
841 |                     vif1.irq |= (lo >> 31) & 1;
    |                              ^^ no implementation for `i32 |= u32`
    |
    = help: the trait `BitOrAssign<u32>` is not implemented for `i32`
help: `i32` implements trait `BitOrAssign<Rhs>`
   --> C:\Users\X\.rustup\toolchains\stable-x86_64-pc-windows-msvc\lib/rustlib/src/rust\library\core\src\ops\bit.rs:821:9
    |
821 |         impl const BitOrAssign for $t {
    |         ^^^^^^^^^^^^^^^^^^^^^^^^^^^^^ `BitOrAssign`
...
832 | bitor_assign_impl! { bool usize u8 u16 u32 u64 u128 isize i8 i16 i32 i64 i128 }
    | ------------------------------------------------------------------------------- in this macro invocation
    |
   ::: C:\Users\X\.rustup\toolchains\stable-x86_64-pc-windows-msvc\lib/rustlib/src/rust\library\core\src\internal_macros.rs:61:9
    |
 61 |         impl const $imp<&$u> for $t {
    |         ^^^^^^^^^^^^^^^^^^^^^^^^^^^ `BitOrAssign<&i32>`
    = note: this error originates in the macro `bitor_assign_impl` (in Nightly builds, run with -Z macro-backtrace for more info)

error[E0277]: the trait bound `pcsx2::VmManager::LimiterModeType: Default` is not satisfied
   --> pcsx2\VmManager.rs:224:5
    |
221 | #[derive(Debug, Default)]
    |                 ------- in this derive macro expansion
...
224 |     limiter_mode: LimiterModeType,
    |     ^^^^^^^^^^^^^^^^^^^^^^^^^^^^^ the trait `Default` is not implemented for `pcsx2::VmManager::LimiterModeType`
    |
help: consider annotating `pcsx2::VmManager::LimiterModeType` with `#[derive(Default)]`
    |
145 + #[derive(Default)]
146 | pub enum LimiterModeType {
    |

error[E0277]: the trait bound `[u8; 34]: Default` is not satisfied
   --> pcsx2\x86\Recompiler.rs:219:5
    |
216 | #[derive(Debug, Clone, Default)]
    |                        ------- in this derive macro expansion
...
219 |     pub regs: [u8; 34],
    |     ^^^^^^^^^^^^^^^^^^ the trait `Default` is not implemented for `[u8; 34]`
    |
    = help: the following other types implement trait `Default`:
              &[T]
              &mut [T]
              [T; 0]
              [T; 1]
              [T; 2]
              [T; 3]
              [T; 4]
              [T; 5]
            and 27 others

error[E0277]: the trait bound `[u8; 33]: Default` is not satisfied
   --> pcsx2\x86\Recompiler.rs:220:5
    |
216 | #[derive(Debug, Clone, Default)]
    |                        ------- in this derive macro expansion
...
220 |     pub fpuregs: [u8; 33],
    |     ^^^^^^^^^^^^^^^^^^^^^ the trait `Default` is not implemented for `[u8; 33]`
    |
    = help: the following other types implement trait `Default`:
              &[T]
              &mut [T]
              [T; 0]
              [T; 1]
              [T; 2]
              [T; 3]
              [T; 4]
              [T; 5]
            and 27 others

error[E0277]: the trait bound `[u8; 34]: Default` is not satisfied
   --> pcsx2\x86\Recompiler.rs:221:5
    |
216 | #[derive(Debug, Clone, Default)]
    |                        ------- in this derive macro expansion
...
221 |     pub vfregs: [u8; 34],
    |     ^^^^^^^^^^^^^^^^^^^^ the trait `Default` is not implemented for `[u8; 34]`
    |
    = help: the following other types implement trait `Default`:
              &[T]
              &mut [T]
              [T; 0]
              [T; 1]
              [T; 2]
              [T; 3]
              [T; 4]
              [T; 5]
            and 27 others

error[E0277]: the trait bound `x86::Recompiler::PageProtection: Default` is not satisfied
    --> pcsx2\x86\Recompiler.rs:1238:5
     |
1234 | #[derive(Debug, Clone, Default)]
     |                        ------- in this derive macro expansion
...
1238 |     pub prot: PageProtection,
     |     ^^^^^^^^^^^^^^^^^^^^^^^^ the trait `Default` is not implemented for `x86::Recompiler::PageProtection`
     |
help: consider annotating `x86::Recompiler::PageProtection` with `#[derive(Default)]`
     |
1227 + #[derive(Default)]
1228 | pub enum PageProtection {
     |

error[E0277]: the trait bound `GsRunnerMain::WindowInfoType: Default` is not satisfied
  --> pcsx2_gsrunner\GsRunnerMain.rs:78:5
   |
76 | #[derive(Debug, Clone, Default)]
   |                        ------- in this derive macro expansion
77 | pub struct WindowInfo {
78 |     pub type_: WindowInfoType,
   |     ^^^^^^^^^^^^^^^^^^^^^^^^^ the trait `Default` is not implemented for `GsRunnerMain::WindowInfoType`
   |
help: consider annotating `GsRunnerMain::WindowInfoType` with `#[derive(Default)]`
   |
69 + #[derive(Default)]
70 | pub enum WindowInfoType {
   |

error[E0277]: the trait bound `Atomic<u32>: Clone` is not satisfied
   --> pcsx2_gsrunner\GsRunnerMain.rs:324:5
    |
322 | #[derive(Debug, Clone, Default)]
    |                 ----- in this derive macro expansion
323 | pub struct GSDumpReplayer {
324 |     pub frame_number: AtomicU32,
    |     ^^^^^^^^^^^^^^^^^^^^^^^^^^^ the trait `Clone` is not implemented for `Atomic<u32>`

error[E0277]: the trait bound `Atomic<i32>: Clone` is not satisfied
   --> pcsx2_gsrunner\GsRunnerMain.rs:325:5
    |
322 | #[derive(Debug, Clone, Default)]
    |                 ----- in this derive macro expansion
...
325 |     pub loop_count: AtomicI32,
    |     ^^^^^^^^^^^^^^^^^^^^^^^^^ the trait `Clone` is not implemented for `Atomic<i32>`

error[E0277]: the trait bound `Atomic<bool>: Clone` is not satisfied
   --> pcsx2_gsrunner\GsRunnerMain.rs:326:5
    |
322 | #[derive(Debug, Clone, Default)]
    |                 ----- in this derive macro expansion
...
326 |     pub is_dump_runner: AtomicBool,
    |     ^^^^^^^^^^^^^^^^^^^^^^^^^^^^^^ the trait `Clone` is not implemented for `Atomic<bool>`

error[E0599]: `SymbolTreeLocationKind` is not an iterator
   --> pcsx2_qt\FinalQtFull.rs:881:139
    |
865 | ...tialEq, Eq)] pub enum SymbolTreeLocationKind { Register, Memory, None }
    |                 ------------------------------- method `cmp` not found for this enum because it doesn't satisfy `SymbolTreeLocationKind: Iterator`
...
881 | ...{ fn cmp(&self, other: &Self) -> Ordering { self.address.cmp(&other.address).then_with(|| match self.kind.cmp(&other.kind) { Ord...
    |                                                                                                              ^^^ `SymbolTreeLocationKind` is not an iterator
    |
    = note: the following trait bounds were not satisfied:
            `SymbolTreeLocationKind: Iterator`
            which is required by `&mut SymbolTreeLocationKind: Iterator`
note: the trait `Iterator` must be implemented
   --> C:\Users\X\.rustup\toolchains\stable-x86_64-pc-windows-msvc\lib/rustlib/src/rust\library\core\src\iter\traits\iterator.rs:42:1
    |
 42 | pub const trait Iterator {
    | ^^^^^^^^^^^^^^^^^^^^^^^^
    = help: items from traits can only be used if the trait is implemented and in scope
    = note: the following traits define an item `cmp`, perhaps you need to implement one of them:
            candidate #1: `Iterator`
            candidate #2: `Ord`

error[E0308]: mismatched types
    --> pcsx2_qt\GameListFull.rs:1050:53
     |
1050 |         let capacity = (num_columns * num_rows).max(MIN_COVER_CACHE_SIZE);
     |                                                 --- ^^^^^^^^^^^^^^^^^^^^ expected `i32`, found `usize`
     |                                                 |
     |                                                 arguments to this method are incorrect
     |
help: the return type of this call is `usize` due to the type of the argument passed
    --> pcsx2_qt\GameListFull.rs:1050:24
     |
1050 |         let capacity = (num_columns * num_rows).max(MIN_COVER_CACHE_SIZE);
     |                        ^^^^^^^^^^^^^^^^^^^^^^^^^^^^^--------------------^
     |                                                     |
     |                                                     this argument influences the return type of `max`
note: method defined here
    --> C:\Users\X\.rustup\toolchains\stable-x86_64-pc-windows-msvc\lib/rustlib/src/rust\library\core\src\cmp.rs:1033:8
     |
1033 |     fn max(self, other: Self) -> Self
     |        ^^^
help: you can convert a `usize` to an `i32` and panic if the converted value doesn't fit
     |
1050 |         let capacity = (num_columns * num_rows).max(MIN_COVER_CACHE_SIZE.try_into().unwrap());
     |                                                                         ++++++++++++++++++++

error[E0308]: mismatched types
    --> pcsx2_qt\GameListFull.rs:1054:31
     |
1054 |             .set_max_capacity(capacity);
     |              ---------------- ^^^^^^^^ expected `usize`, found `i32`
     |              |
     |              arguments to this method are incorrect
     |
note: method defined here
    --> pcsx2_qt\GameListFull.rs:404:12
     |
 404 |     pub fn set_max_capacity(&mut self, capacity: usize) {
     |            ^^^^^^^^^^^^^^^^            ---------------
help: you can convert an `i32` to a `usize` and panic if the converted value doesn't fit
     |
1054 |             .set_max_capacity(capacity.try_into().unwrap());
     |                                       ++++++++++++++++++++

error[E0277]: the trait bound `QtMain::Theme: Default` is not satisfied
   --> pcsx2_qt\QtMain.rs:589:5
    |
587 | #[derive(Debug, Default)]
    |                 ------- in this derive macro expansion
588 | pub struct Themes {
589 |     current: Mutex<Theme>,
    |     ^^^^^^^^^^^^^^^^^^^^^ the trait `Default` is not implemented for `QtMain::Theme`
    |
help: the trait `Default` is implemented for `std::sync::Mutex<T>`
   --> C:\Users\X\.rustup\toolchains\stable-x86_64-pc-windows-msvc\lib/rustlib/src/rust\library\std\src\sync\poison\mutex.rs:691:1
    |
691 | impl<T: Default> Default for Mutex<T> {
    | ^^^^^^^^^^^^^^^^^^^^^^^^^^^^^^^^^^^^^
    = note: required for `std::sync::Mutex<QtMain::Theme>` to implement `Default`
help: consider annotating `QtMain::Theme` with `#[derive(Default)]`
    |
492 + #[derive(Default)]
493 | pub enum Theme {
    |

error[E0277]: the trait bound `DebugFunctionScanMode: Default` is not satisfied
   --> pcsx2_qt\SettingsWidgets1.rs:167:5
    |
160 | #[derive(Debug, Clone, Default)]
    |                        ------- in this derive macro expansion
...
167 |     pub function_scan_mode: DebugFunctionScanMode,
    |     ^^^^^^^^^^^^^^^^^^^^^^^^^^^^^^^^^^^^^^^^^^^^^ the trait `Default` is not implemented for `DebugFunctionScanMode`
    |
help: consider annotating `DebugFunctionScanMode` with `#[derive(Default)]`
    |
 93 + #[derive(Default)]
 94 | pub enum DebugFunctionScanMode {
    |

error[E0277]: the trait bound `AchievementOverlayPosition: Default` is not satisfied
   --> pcsx2_qt\SettingsWidgets1.rs:199:5
    |
187 | #[derive(Debug, Clone, Default)]
    |                        ------- in this derive macro expansion
...
199 |     pub overlay_position: AchievementOverlayPosition,
    |     ^^^^^^^^^^^^^^^^^^^^^^^^^^^^^^^^^^^^^^^^^^^^^^^^ the trait `Default` is not implemented for `AchievementOverlayPosition`
    |
help: consider annotating `AchievementOverlayPosition` with `#[derive(Default)]`
    |
 26 + #[derive(Default)]
 27 | pub enum AchievementOverlayPosition {
    |

error[E0277]: the trait bound `SettingsWidgets1::OsdOverlayPos: Default` is not satisfied
   --> pcsx2_qt\SettingsWidgets1.rs:200:5
    |
187 | #[derive(Debug, Clone, Default)]
    |                        ------- in this derive macro expansion
...
200 |     pub notification_position: OsdOverlayPos,
    |     ^^^^^^^^^^^^^^^^^^^^^^^^^^^^^^^^^^^^^^^^ the trait `Default` is not implemented for `SettingsWidgets1::OsdOverlayPos`
    |
help: consider annotating `SettingsWidgets1::OsdOverlayPos` with `#[derive(Default)]`
    |
 36 + #[derive(Default)]
 37 | pub enum OsdOverlayPos {
    |

error[E0277]: the trait bound `SettingsWidgets1::MemoryCardType: Default` is not satisfied
   --> pcsx2_qt\SettingsWidgets1.rs:324:5
    |
322 | #[derive(Debug, Clone, Default)]
    |                        ------- in this derive macro expansion
323 | pub struct FileMcdInfo {
324 |     pub r#type: MemoryCardType,
    |     ^^^^^^^^^^^^^^^^^^^^^^^^^^ the trait `Default` is not implemented for `SettingsWidgets1::MemoryCardType`
    |
help: consider annotating `SettingsWidgets1::MemoryCardType` with `#[derive(Default)]`
    |
 69 + #[derive(Default)]
 70 | pub enum MemoryCardType {
    |

error[E0308]: mismatched types
   --> thirdparty\cpuinfo\Cpuinfo.rs:320:30
    |
320 |                 result = Err(());
    |                          --- ^^ expected `CpuInfoError`, found `()`
    |                          |
    |                          arguments to this enum variant are incorrect
    |
help: the type constructed contains `()` due to the type of the argument passed
   --> thirdparty\cpuinfo\Cpuinfo.rs:320:26
    |
320 |                 result = Err(());
    |                          ^^^^--^
    |                              |
    |                              this argument influences the type of `Err`
note: tuple variant defined here
   --> C:\Users\X\.rustup\toolchains\stable-x86_64-pc-windows-msvc\lib/rustlib/src/rust\library\core\src\result.rs:566:5
    |
566 |     Err(#[stable(feature = "rust1", since = "1.0.0")] E),
    |     ^^^

error[E0308]: mismatched types
   --> thirdparty\cpuinfo\Cpuinfo.rs:324:21
    |
324 |     result.map_err(|()| CpuInfoError::DetectionFailed)
    |                     ^^
    |                     |
    |                     expected `CpuInfoError`, found `()`
    |                     expected due to this

error[E0277]: the trait bound `AllocationFlags: Default` is not satisfied
   --> thirdparty\d3d12memalloc\D3D12MemAlloc.rs:323:5
    |
321 | #[derive(Debug, Copy, Clone, Default)]
    |                              ------- in this derive macro expansion
322 | pub struct AllocationDesc {
323 |     pub flags: AllocationFlags,
    |     ^^^^^^^^^^^^^^^^^^^^^^^^^^ the trait `Default` is not implemented for `AllocationFlags`
    |
help: consider annotating `AllocationFlags` with `#[derive(Default)]`
    |
 21 + #[derive(Default)]
 22 | pub enum AllocationFlags {
    |

error[E0277]: the trait bound `HeapType: Default` is not satisfied
   --> thirdparty\d3d12memalloc\D3D12MemAlloc.rs:324:5
    |
321 | #[derive(Debug, Copy, Clone, Default)]
    |                              ------- in this derive macro expansion
...
324 |     pub heap_type: HeapType,
    |     ^^^^^^^^^^^^^^^^^^^^^^^ the trait `Default` is not implemented for `HeapType`
    |
help: consider annotating `HeapType` with `#[derive(Default)]`
    |
135 + #[derive(Default)]
136 | pub enum HeapType {
    |

error[E0277]: the trait bound `HeapFlags: Default` is not satisfied
   --> thirdparty\d3d12memalloc\D3D12MemAlloc.rs:325:5
    |
321 | #[derive(Debug, Copy, Clone, Default)]
    |                              ------- in this derive macro expansion
...
325 |     pub extra_heap_flags: HeapFlags,
    |     ^^^^^^^^^^^^^^^^^^^^^^^^^^^^^^^ the trait `Default` is not implemented for `HeapFlags`
    |
help: consider annotating `HeapFlags` with `#[derive(Default)]`
    |
146 + #[derive(Default)]
147 | pub enum HeapFlags {
    |

error[E0277]: `(dyn Fn() + 'static)` doesn't implement `Debug`
   --> thirdparty\googletest\Gtest.rs:227:5
    |
215 | #[derive(Debug, Clone)]
    |          ----- in this derive macro expansion
...
227 |     body: Option<Rc<dyn Fn() -> ()>>,
    |     ^^^^^^^^^^^^^^^^^^^^^^^^^^^^^^^^ the trait `Debug` is not implemented for `(dyn Fn() + 'static)`

error[E0560]: struct `ImGuiStyle` has no field named `colors`
   --> thirdparty\imgui\Imgui.rs:507:13
    |
507 |             colors,
    |             ^^^^^^ unknown field
    |
help: a field with a similar name exists (notice the capitalization)
    |
507 -             colors,
507 +             Colors,
    |

error[E0308]: mismatched types
   --> thirdparty\imgui\Imgui.rs:731:13
    |
731 |       Colors: [
    |  _____________^
732 | |         ImVec4 { x: 1.0, y: 1.0, z: 1.0, w: 1.0 },
733 | |         ImVec4 { x: 0.5, y: 0.5, z: 0.5, w: 1.0 },
734 | |         ImVec4 { x: 0.06, y: 0.06, z: 0.06, w: 0.94 },
...   |
785 | |         ImVec4 { x: 0.10, y: 0.10, z: 0.10, w: 0.35 },
786 | |     ],
    | |_____^ expected an array with a size of 53, found one with a size of 54
    |
    = note: expected array `[Imgui::ImVec4; 53]`
               found array `[Imgui::ImVec4; 54]`

error[E0308]: mismatched types
   --> thirdparty\include\Xxh.rs:139:14
    |
138 | pub fn XXH3_128bits(input: &[u8], seed: u64) -> u128 {
    |                                                 ---- expected `u128` because of return type
139 |     unsafe { XXH3_128bits_withSeed(input.as_ptr(), input.len(), seed) }
    |              ^^^^^^^^^^^^^^^^^^^^^^^^^^^^^^^^^^^^^^^^^^^^^^^^^^^^^^^^ expected `u128`, found `u64`
    |
help: you can convert a `u64` to a `u128`
    |
139 |     unsafe { XXH3_128bits_withSeed(input.as_ptr(), input.len(), seed).into() }
    |                                                                      +++++++

error[E0308]: mismatched types
   --> thirdparty\libchdr\DrFlac.rs:370:30
    |
370 |       const TABLE: [u8; 256] = [
    |  __________________---------___^
    | |                  |
    | |                  expected because of the type of the constant
371 | |         0x00, 0x07, 0x0e, 0x09, 0x1c, 0x1b, 0x12, 0x15, 0x38, 0x3f, 0x36, 0x31, 0x24, 0x23,
372 | |         0x2a, 0x2d, 0x70, 0x77, 0x7e, 0x79, 0x6c, 0x6b, 0x62, 0x65, 0x48, 0x4f, 0x46, 0x41,
373 | |         0x54, 0x53, 0x5a, 0x5d, 0xe0, 0xe7, 0xee, 0xe9, 0xfc, 0xfb, 0xf2, 0xf5, 0xd8, 0xdf,
...   |
391 | |         0xcc, 0xcb, 0xc2, 0xc5, 0xd0, 0xd7, 0xde, 0xd9,
392 | |     ];
    | |_____^ expected an array with a size of 256, found one with a size of 288
    |
help: consider specifying the actual array length
    |
370 -     const TABLE: [u8; 256] = [
370 +     const TABLE: [u8; 288] = [
    |

error[E0599]: `*const std::ffi::c_void` is not an iterator
    --> thirdparty\more\WinPixEventRuntime.rs:69:39
     |
  69 |             set_target_window: set_fn.map(|p| std::mem::transmute::<*const (), _>(p)),
     |                                       ^^^ `*const std::ffi::c_void` is not an iterator
     |
     = note: the following trait bounds were not satisfied:
             `*const std::ffi::c_void: Iterator`
             which is required by `&mut *const std::ffi::c_void: Iterator`
     = help: items from traits can only be used if the trait is implemented and in scope
note: `GsDeviceOpenGl::GSTexture` defines an item `map`, perhaps you need to implement it
    --> pcsx2\GsDeviceOpenGl.rs:1440:1
     |
1440 | pub trait GSTexture {
     | ^^^^^^^^^^^^^^^^^^^

error[E0599]: `*const std::ffi::c_void` is not an iterator
    --> thirdparty\more\WinPixEventRuntime.rs:70:36
     |
  70 |             notify_wake: notify_fn.map(|p| std::mem::transmute::<*const (), _>(p)),
     |                                    ^^^ `*const std::ffi::c_void` is not an iterator
     |
     = note: the following trait bounds were not satisfied:
             `*const std::ffi::c_void: Iterator`
             which is required by `&mut *const std::ffi::c_void: Iterator`
     = help: items from traits can only be used if the trait is implemented and in scope
note: `GsDeviceOpenGl::GSTexture` defines an item `map`, perhaps you need to implement it
    --> pcsx2\GsDeviceOpenGl.rs:1440:1
     |
1440 | pub trait GSTexture {
     | ^^^^^^^^^^^^^^^^^^^

error[E0277]: the trait bound `RapidJson::Value: Default` is not satisfied
   --> thirdparty\rapidjson\RapidJson.rs:990:5
    |
986 | #[derive(Clone, Debug, Default)]
    |                        ------- in this derive macro expansion
...
990 |     pub value: Value,
    |     ^^^^^^^^^^^^^^^^ the trait `Default` is not implemented for `RapidJson::Value`
    |
help: consider annotating `RapidJson::Value` with `#[derive(Default)]`
    |
271 + #[derive(Default)]
272 | pub enum Value {
    |

error[E0277]: the trait bound `RcHashFileReader: Default` is not satisfied
   --> thirdparty\rcheevos\Rcheevos.rs:540:5
    |
536 | #[derive(Debug, Clone, Copy, Default)]
    |                              ------- in this derive macro expansion
...
540 |     pub filereader: RcHashFileReader,
    |     ^^^^^^^^^^^^^^^^^^^^^^^^^^^^^^^^ the trait `Default` is not implemented for `RcHashFileReader`
    |
help: consider annotating `RcHashFileReader` with `#[derive(Default)]`
    |
515 + #[derive(Default)]
516 | pub struct RcHashFileReader {
    |

error[E0308]: mismatched types
    --> thirdparty\rcheevos\Rcheevos.rs:1086:44
     |
1086 |     rc_hash_initialize_iterator(&mut iter, path, ptr::null(), 0);
     |     ---------------------------            ^^^^ expected `*const i8`, found `&str`
     |     |
     |     arguments to this function are incorrect
     |
     = note: expected raw pointer `*const i8`
                  found reference `&str`
note: function defined here
    --> thirdparty\rcheevos\Rcheevos.rs:1159:8
     |
1159 | pub fn rc_hash_initialize_iterator(
     |        ^^^^^^^^^^^^^^^^^^^^^^^^^^^
1160 |     iterator: &mut RcHashIterator,
1161 |     path: *const c_char,
     |     -------------------

error[E0277]: the trait bound `std::ffi::c_void: Clone` is not satisfied
    --> thirdparty\vulkan\VulkanCore.rs:3844:5
     |
3839 | #[derive(Copy, Clone)]
     |                ----- in this derive macro expansion
...
3844 |     pub context: screen_context_t,
     |     ^^^^^^^^^^^^^^^^^^^^^^^^^^^^^ the trait `Clone` is not implemented for `std::ffi::c_void`
     |
note: required by a bound in `std::clone::AssertParamIsClone`
    --> C:\Users\X\.rustup\toolchains\stable-x86_64-pc-windows-msvc\lib/rustlib/src/rust\library\core\src\clone.rs:357:34
     |
 357 | pub struct AssertParamIsClone<T: Clone + PointeeSized> {
     |                                  ^^^^^ required by this bound in `AssertParamIsClone`

error[E0308]: mismatched types
   --> thirdparty\winwil\WilCore.rs:503:9
    |
502 |     pub fn get(&self) -> HANDLE {
    |                          ------ expected `WilCore::HANDLE` because of return type
503 |         self.inner.get()
    |         ^^^^^^^^^^^^^^^^ expected `HANDLE`, found `&HANDLE`
    |
help: consider dereferencing the borrow
    |
503 |         *self.inner.get()
    |         +

error[E0308]: mismatched types
   --> thirdparty\winwil\WilCore.rs:576:9
    |
575 |     pub fn get(&self) -> HKEY {
    |                          ---- expected `HKEY` because of return type
576 |         self.inner.get()
    |         ^^^^^^^^^^^^^^^^ expected `HKEY`, found `&HKEY`
    |
help: consider dereferencing the borrow
    |
576 |         *self.inner.get()
    |         +

error[E0308]: mismatched types
   --> thirdparty\winwil\WilCore.rs:642:9
    |
641 |     pub fn get(&self) -> HMODULE {
    |                          ------- expected `WilCore::HMODULE` because of return type
642 |         self.inner.get()
    |         ^^^^^^^^^^^^^^^^ expected `HMODULE`, found `&HMODULE`
    |
help: consider dereferencing the borrow
    |
642 |         *self.inner.get()
    |         +

error[E0308]: mismatched types
   --> thirdparty\winwil\WilCore.rs:707:9
    |
706 |     pub fn get(&self) -> HWND {
    |                          ---- expected `WilCore::HWND` because of return type
707 |         self.inner.get()
    |         ^^^^^^^^^^^^^^^^ expected `HWND`, found `&HWND`
    |
help: consider dereferencing the borrow
    |
707 |         *self.inner.get()
    |         +

error[E0277]: `Xbyak::Operand` doesn't implement `Debug`
   --> thirdparty\xbyak\Xbyak.rs:209:5
    |
206 | #[derive(Clone, Debug)]
    |                 ----- in this derive macro expansion
...
209 |     pub base: Operand,
    |     ^^^^^^^^^^^^^^^^^ the trait `Debug` is not implemented for `Xbyak::Operand`
    |
    = note: add `#[derive(Debug)]` to `Xbyak::Operand` or manually `impl Debug for Xbyak::Operand`
help: consider annotating `Xbyak::Operand` with `#[derive(Debug)]`
    |
137 + #[derive(Debug)]
138 | pub struct Operand {
    |

error[E0015]: cannot call non-const method `<T as ByteSwapable>::byte_swap` in constant functions
  --> common\ByteSwap.rs:38:11
   |
38 |     value.byte_swap()
   |           ^^^^^^^^^^^
   |
note: method `byte_swap` is not const because trait `ByteSwapable` is not const
  --> common\ByteSwap.rs:42:1
   |
42 | pub trait ByteSwapable: Copy {
   | ^^^^^^^^^^^^^^^^^^^^^^^^^^^^ this trait is not const
43 |     /// Perform the byte swap.
44 |     fn byte_swap(self) -> Self;
   |     --------------------------- this method is not const
   = help: const traits are not yet supported on stable Rust
   = note: calls in constant functions are limited to constant functions, tuple structs and tuple variants

error[E0015]: cannot call non-const method `<E as common::EnumOps::EnumOps>::to_repr` in constant functions
  --> common\EnumOps.rs:96:7
   |
96 |     e.to_repr()
   |       ^^^^^^^^^
   |
note: method `to_repr` is not const because trait `EnumOps` is not const
  --> common\EnumOps.rs:19:1
   |
19 | pub trait EnumOps: Copy + Eq + Sized {
   | ^^^^^^^^^^^^^^^^^^^^^^^^^^^^^^^^^^^^ this trait is not const
...
32 |     fn to_repr(self) -> Self::Repr;
   |     ------------------------------- this method is not const
   = help: const traits are not yet supported on stable Rust
   = note: calls in constant functions are limited to constant functions, tuple structs and tuple variants

error[E0502]: cannot borrow `*dst` as immutable because it is also borrowed as mutable
   --> common\FileSystem.rs:366:41
    |
366 |         let n = src.read(&mut dst[done..dst.len().min(done + chunk_size)])?;
    |                               ----------^^^------------------------------
    |                               |  |      |
    |                               |  |      immutable borrow occurs here
    |                               |  mutable borrow later used here
    |                               mutable borrow occurs here
    |
help: try adding a local storing this...
   --> common\FileSystem.rs:366:41
    |
366 |         let n = src.read(&mut dst[done..dst.len().min(done + chunk_size)])?;
    |                                         ^^^^^^^^^
help: ...and then using that local here
   --> common\FileSystem.rs:366:34
    |
366 |         let n = src.read(&mut dst[done..dst.len().min(done + chunk_size)])?;
    |                                  ^^^^^^^^^^^^^^^^^^^^^^^^^^^^^^^^^^^^^^^^

warning: unnecessary `unsafe` block
   --> common\Pcsx2Defs.rs:191:5
    |
191 |     unsafe {
    |     ^^^^^^ unnecessary `unsafe` block
    |
    = note: `#[warn(unused_unsafe)]` (part of `#[warn(unused)]`) on by default

warning: unnecessary `unsafe` block
   --> common\Pcsx2Defs.rs:315:5
    |
315 |     unsafe {
    |     ^^^^^^ unnecessary `unsafe` block

error[E0503]: cannot use `self.len` because it was mutably borrowed
   --> common\SmallString.rs:269:40
    |
268 |         let target = self.as_mut_bytes_mut();
    |                      ---- `*self` is borrowed here
269 |         if real_offset + real_count == self.len {
    |                                        ^^^^^^^^ use of borrowed `*self`
...
273 |             target.copy_within(real_offset + real_count..self.len, real_offset);
    |             ------ borrow later used here

error[E0503]: cannot use `self.len` because it was mutably borrowed
   --> common\SmallString.rs:272:25
    |
268 |         let target = self.as_mut_bytes_mut();
    |                      ---- `*self` is borrowed here
...
272 |             let after = self.len - real_offset - real_count;
    |                         ^^^^^^^^ use of borrowed `*self`
273 |             target.copy_within(real_offset + real_count..self.len, real_offset);
    |             ------ borrow later used here

error[E0503]: cannot use `self.len` because it was mutably borrowed
   --> common\SmallString.rs:273:58
    |
268 |         let target = self.as_mut_bytes_mut();
    |                      ---- `*self` is borrowed here
...
273 |             target.copy_within(real_offset + real_count..self.len, real_offset);
    |                    ----------- borrow later used by call ^^^^^^^^ use of borrowed `*self`

error[E0503]: cannot use `self.len` because it was mutably borrowed
   --> common\SmallString.rs:292:31
    |
291 |             let target = self.as_mut_bytes_mut();
    |                          ---- `*self` is borrowed here
292 |             let mut written = self.len;
    |                               ^^^^^^^^ use of borrowed `*self`
293 |             while written + encoded.len() <= new_len {
294 |                 target[written..written + encoded.len()].copy_from_slice(encoded.as_bytes());
    |                 ------ borrow later used here

error[E0133]: use of mutable static is unsafe and requires unsafe block
   --> pcsx2\Cache.rs:248:22
    |
248 |     for line in &mut EE_CACHE_DATA {
    |                      ^^^^^^^^^^^^^ use of mutable static
    |
    = note: mutable statics can be mutated by multiple threads: aliasing violations or data races will cause undefined behavior
note: an unsafe function restricts its caller, but its body is safe by default
   --> pcsx2\Cache.rs:247:1
    |
247 | unsafe fn zero_ee() {
    | ^^^^^^^^^^^^^^^^^^^
    = note: for more information, see <https://doc.rust-lang.org/edition-guide/rust-2024/unsafe-op-in-unsafe-fn.html>
note: the lint level is defined here
   --> pcsx2\Cache.rs:27:9
    |
 27 | #![deny(unsafe_op_in_unsafe_fn)]
    |         ^^^^^^^^^^^^^^^^^^^^^^

error[E0133]: use of mutable static is unsafe and requires unsafe block
   --> pcsx2\Cache.rs:251:21
    |
251 |     for tag in &mut EE_CACHE_TAGS {
    |                     ^^^^^^^^^^^^^ use of mutable static
    |
    = note: mutable statics can be mutated by multiple threads: aliasing violations or data races will cause undefined behavior
    = note: for more information, see <https://doc.rust-lang.org/edition-guide/rust-2024/unsafe-op-in-unsafe-fn.html>

error[E0133]: use of mutable static is unsafe and requires unsafe block
   --> pcsx2\Cache.rs:258:22
    |
258 |     for line in &mut IOP_CACHE_DATA {
    |                      ^^^^^^^^^^^^^^ use of mutable static
    |
    = note: mutable statics can be mutated by multiple threads: aliasing violations or data races will cause undefined behavior
note: an unsafe function restricts its caller, but its body is safe by default
   --> pcsx2\Cache.rs:257:1
    |
257 | unsafe fn zero_iop() {
    | ^^^^^^^^^^^^^^^^^^^^
    = note: for more information, see <https://doc.rust-lang.org/edition-guide/rust-2024/unsafe-op-in-unsafe-fn.html>

error[E0133]: use of mutable static is unsafe and requires unsafe block
   --> pcsx2\Cache.rs:261:21
    |
261 |     for tag in &mut IOP_CACHE_TAGS {
    |                     ^^^^^^^^^^^^^^ use of mutable static
    |
    = note: mutable statics can be mutated by multiple threads: aliasing violations or data races will cause undefined behavior
    = note: for more information, see <https://doc.rust-lang.org/edition-guide/rust-2024/unsafe-op-in-unsafe-fn.html>

warning: unnecessary `unsafe` block
   --> pcsx2\CdvdDiscThread.rs:877:34
    |
877 | pub static mut CDVD: CDVDState = unsafe { CDVDState::new() };
    |                                  ^^^^^^ unnecessary `unsafe` block

warning: unnecessary `unsafe` block
    --> pcsx2\CdvdDiscThread.rs:1237:29
     |
1237 | pub static mut CDR: Ps1CD = unsafe { Ps1CD::new() };
     |                             ^^^^^^ unnecessary `unsafe` block

warning: unnecessary `unsafe` block
    --> pcsx2\CdvdDiscThread.rs:1718:5
     |
1718 |     unsafe {
     |     ^^^^^^ unnecessary `unsafe` block

warning: unnecessary `unsafe` block
    --> pcsx2\CdvdMainEtc.rs:1171:5
     |
1171 |     unsafe { do_cdvd_detect_disk_type() }
     |     ^^^^^^ unnecessary `unsafe` block

warning: unnecessary `unsafe` block
    --> pcsx2\CdvdMainEtc.rs:1200:5
     |
1200 |     unsafe {
     |     ^^^^^^ unnecessary `unsafe` block

warning: unnecessary `unsafe` block
    --> pcsx2\CdvdMainEtc.rs:1523:9
     |
1523 |         unsafe { do_cdvd_read_sector(buf, lsn, CDVD_MODE_2048) == 0 }
     |         ^^^^^^ unnecessary `unsafe` block

warning: unnecessary `unsafe` block
    --> pcsx2\CdvdMainEtc.rs:1844:17
     |
1844 |                 unsafe {
     |                 ^^^^^^ unnecessary `unsafe` block

warning: unnecessary `unsafe` block
    --> pcsx2\CdvdMainEtc.rs:3770:19
     |
3739 |     unsafe {
     |     ------ because it's nested under this `unsafe` block
...
3770 |         let src = unsafe { std::slice::from_raw_parts(pbuffer as *const u8, psize) };
     |                   ^^^^^^ unnecessary `unsafe` block

warning: unnecessary `unsafe` block
   --> pcsx2\Counters.rs:595:16
    |
595 |     let rate = unsafe { EECounts[index].rate };
    |                ^^^^^^ unnecessary `unsafe` block

warning: unnecessary `unsafe` block
   --> pcsx2\Counters.rs:600:21
    |
600 |         let start = unsafe { EECounts[index].start_cycle };
    |                     ^^^^^^ unnecessary `unsafe` block

warning: unnecessary `unsafe` block
   --> pcsx2\Counters.rs:605:21
    |
605 |         let count = unsafe { EECounts[index].count };
    |                     ^^^^^^ unnecessary `unsafe` block

warning: unnecessary `unsafe` block
   --> pcsx2\Counters.rs:612:17
    |
612 |         let _ = unsafe { EECounts[index].start_cycle };
    |                 ^^^^^^ unnecessary `unsafe` block

warning: unnecessary `unsafe` block
   --> pcsx2\Counters.rs:619:17
    |
619 |     let count = unsafe { EECounts[index].count };
    |                 ^^^^^^ unnecessary `unsafe` block

warning: unnecessary `unsafe` block
   --> pcsx2\Counters.rs:645:21
    |
645 |             let _ = unsafe { EECounts[index].interrupt };
    |                     ^^^^^^ unnecessary `unsafe` block

warning: unnecessary `unsafe` block
   --> pcsx2\Counters.rs:650:5
    |
650 |     unsafe {
    |     ^^^^^^ unnecessary `unsafe` block

warning: unnecessary `unsafe` block
   --> pcsx2\Counters.rs:665:27
    |
665 |     let (count, target) = unsafe { (EECounts[index].count, EECounts[index].target) };
    |                           ^^^^^^ unnecessary `unsafe` block

warning: unnecessary `unsafe` block
   --> pcsx2\Counters.rs:685:21
    |
685 |             let _ = unsafe { EECounts[index].interrupt };
    |                     ^^^^^^ unnecessary `unsafe` block

warning: unnecessary `unsafe` block
   --> pcsx2\Counters.rs:787:9
    |
787 |         unsafe { EECounts[index].count },
    |         ^^^^^^ unnecessary `unsafe` block

warning: unnecessary `unsafe` block
   --> pcsx2\Counters.rs:788:9
    |
788 |         unsafe { EECounts[index].target }
    |         ^^^^^^ unnecessary `unsafe` block

warning: unnecessary `unsafe` block
   --> pcsx2\Counters.rs:812:17
    |
812 |     let count = unsafe { EECounts[index].count };
    |                 ^^^^^^ unnecessary `unsafe` block

error[E0382]: use of moved value: `instr`
   --> pcsx2\DebugTools.rs:482:14
    |
479 |     let instr = R3000AInstr::new(code);
    |         ----- move occurs because `instr` has type `R3000AInstr`, which does not implement the `Copy` trait
480 |     let op = (code >> 26) & 0x3F;
481 |     let rt = instr.rt() as usize;
    |                    ---- `instr` moved due to this method call
482 |     let rs = instr.rs() as usize;
    |              ^^^^^ value used here after move
    |
note: `R3000AInstr::rt` takes ownership of the receiver `self`, which moves `instr`
   --> pcsx2\DebugTools.rs:439:21
    |
439 |     pub const fn rt(self) -> u32 { (self.0 >> 16) & 0x1F }
    |                     ^^^^

error[E0382]: use of moved value: `instr`
   --> pcsx2\DebugTools.rs:483:14
    |
479 |     let instr = R3000AInstr::new(code);
    |         ----- move occurs because `instr` has type `R3000AInstr`, which does not implement the `Copy` trait
...
482 |     let rs = instr.rs() as usize;
    |                    ---- `instr` moved due to this method call
483 |     let rd = instr.rd() as usize;
    |              ^^^^^ value used here after move
    |
note: `R3000AInstr::rs` takes ownership of the receiver `self`, which moves `instr`
   --> pcsx2\DebugTools.rs:440:21
    |
440 |     pub const fn rs(self) -> u32 { (self.0 >> 21) & 0x1F }
    |                     ^^^^

error[E0382]: use of moved value: `instr`
   --> pcsx2\DebugTools.rs:484:15
    |
479 |     let instr = R3000AInstr::new(code);
    |         ----- move occurs because `instr` has type `R3000AInstr`, which does not implement the `Copy` trait
...
483 |     let rd = instr.rd() as usize;
    |                    ---- `instr` moved due to this method call
484 |     let imm = instr.imm();
    |               ^^^^^ value used here after move
    |
note: `R3000AInstr::rd` takes ownership of the receiver `self`, which moves `instr`
   --> pcsx2\DebugTools.rs:438:21
    |
438 |     pub const fn rd(self) -> u32 { (self.0 >> 11) & 0x1F }
    |                     ^^^^

error[E0382]: use of moved value: `instr`
   --> pcsx2\DebugTools.rs:518:21
    |
479 |     let instr = R3000AInstr::new(code);
    |         ----- move occurs because `instr` has type `R3000AInstr`, which does not implement the `Copy` trait
...
484 |     let imm = instr.imm();
    |                     ----- `instr` moved due to this method call
...
518 |         let funct = instr.funct();
    |                     ^^^^^ value used here after move
    |
note: `R3000AInstr::imm` takes ownership of the receiver `self`, which moves `instr`
   --> pcsx2\DebugTools.rs:442:22
    |
442 |     pub const fn imm(self) -> u32 { self.0 & 0xFFFF }
    |                      ^^^^

warning: unnecessary `unsafe` block
    --> pcsx2\Dev9MainEtc.rs:1406:13
     |
1406 |             unsafe {
     |             ^^^^^^ unnecessary `unsafe` block

warning: unnecessary `unsafe` block
    --> pcsx2\Dev9MainEtc.rs:1430:14
     |
1430 |         _ => unsafe { dev9W32(addr, value); },
     |              ^^^^^^ unnecessary `unsafe` block

warning: unnecessary `unsafe` block
    --> pcsx2\Dev9MainEtc.rs:1437:17
     |
1437 |     let value = unsafe { wswap(dev9R32(addr)) };
     |                 ^^^^^^ unnecessary `unsafe` block

warning: unnecessary `unsafe` block
    --> pcsx2\Dev9MainEtc.rs:1442:13
     |
1442 |             unsafe { dev9W16(SMAP_R_EMAC3_STA_CTRL_H, dev9R16(SMAP_R_EMAC3_STA_CTRL_H) | (SMAP_E3_PHY_OP_COMP as u16)); }
     |             ^^^^^^ unnecessary `unsafe` block

warning: unnecessary `unsafe` block
    --> pcsx2\Dev9MainEtc.rs:1483:5
     |
1483 |     unsafe { dev9W32(addr, wswap(v)); }
     |     ^^^^^^ unnecessary `unsafe` block

error[E0502]: cannot borrow `*self` as immutable because it is also borrowed as mutable
   --> pcsx2\Dev9PacketReader.rs:802:26
    |
801 |     pub fn payload_mut(&mut self) -> &mut [u8] {
    |                        - let's call the lifetime of this reference `'1`
802 |         &mut self.buffer[self.header_length()..]
    |         -----------------^^^^-------------------
    |         |    |           |
    |         |    |           immutable borrow occurs here
    |         |    mutable borrow occurs here
    |         returning this value requires that `*self.buffer` is borrowed for `'1`

error[E0502]: cannot borrow `*self` as immutable because it is also borrowed as mutable
    --> pcsx2\Dev9PacketReader.rs:1371:26
     |
1370 |     pub fn payload_mut(&mut self) -> &mut [u8] {
     |                        - let's call the lifetime of this reference `'1`
1371 |         &mut self.buffer[self.header_length()..]
     |         -----------------^^^^-------------------
     |         |    |           |
     |         |    |           immutable borrow occurs here
     |         |    mutable borrow occurs here
     |         returning this value requires that `*self.buffer` is borrowed for `'1`

warning: unreachable pattern
    --> pcsx2\Dev9PacketsDeep.rs:2080:13
     |
2078 | /             Self::Subnet { .. } | Self::Bcip { .. } | Self::ReqIp { .. } | Self::ServIp { .. }
2079 | |             | Self::IpLt { .. } | Self::Msg { .. } | Self::T1 { .. } | Self::T2 { .. } => 4,
     | |______________________________________________________________________________________- matches all the relevant values
2080 |               Self::Msg { .. } => 1,
     |               ^^^^^^^^^^^^^^^^ no value can reach this
     |
     = note: `#[warn(unreachable_patterns)]` (part of `#[warn(unused)]`) on by default

warning: unreachable pattern
   --> pcsx2\GsDeviceDx11Mtl.rs:217:33
    |
217 |             ShaderModel::SM51 | _ => match type_index {
    |                                 ^ no value can reach this
    |
note: multiple earlier patterns match some of the same values
   --> pcsx2\GsDeviceDx11Mtl.rs:217:33
    |
202 |             ShaderModel::SM40 => match type_index {
    |             ----------------- matches some of the same values
...
207 |             ShaderModel::SM41 => match type_index {
    |             ----------------- matches some of the same values
...
212 |             ShaderModel::SM50 => match type_index {
    |             ----------------- matches some of the same values
...
217 |             ShaderModel::SM51 | _ => match type_index {
    |             -----------------   ^ collectively making this unreachable
    |             |
    |             matches some of the same values

error[E0596]: cannot borrow `idx` as mutable, as it is not declared as mutable
   --> pcsx2\GsDeviceDx11Mtl.rs:548:12
    |
548 |         if idx.read_exact(&mut header).is_err() {
    |            ^^^ cannot borrow as mutable
    |
help: consider changing this to be mutable
    |
536 |         let mut idx = match OpenOptions::new().read(true).write(true).open(index_path) {
    |             +++

warning: unreachable pattern
   --> pcsx2\GsRenderersFull.rs:696:13
    |
696 |             _ => "Unknown",
    |             ^ no value can reach this
    |
note: multiple earlier patterns match some of the same values
   --> pcsx2\GsRenderersFull.rs:696:13
    |
681 |             GSTextureFormat::Invalid => "Invalid",
    |             ------------------------ matches some of the same values
682 |             GSTextureFormat::Color => "Color",
    |             ---------------------- matches some of the same values
683 |             GSTextureFormat::ColorHQ => "ColorHQ",
    |             ------------------------ matches some of the same values
684 |             GSTextureFormat::ColorHDR => "ColorHDR",
    |             ------------------------- matches some of the same values
...
696 |             _ => "Unknown",
    |             ^ ...and 11 other patterns collectively make this unreachable

warning: unnecessary `unsafe` block
   --> pcsx2\HwEtcMain.rs:523:5
    |
523 |     unsafe { *psHu32(addr) }
    |     ^^^^^^ unnecessary `unsafe` block

warning: unnecessary `unsafe` block
   --> pcsx2\HwEtcMain.rs:540:5
    |
540 |     unsafe { *psHu32(addr) = value; }
    |     ^^^^^^ unnecessary `unsafe` block

warning: unnecessary `unsafe` block
   --> pcsx2\HwEtcMain.rs:561:28
    |
561 | pub fn hwIntcIrq(n: i32) { unsafe { *psHu32(EERegisterAddresses::INTC_STAT) |= 1u32 << n; } }
    |                            ^^^^^^ unnecessary `unsafe` block

warning: unnecessary `unsafe` block
   --> pcsx2\HwEtcMain.rs:562:28
    |
562 | pub fn hwDmacIrq(n: i32) { unsafe { *psHu32(EERegisterAddresses::DMAC_STAT) |= 1u32 << n; } }
    |                            ^^^^^^ unnecessary `unsafe` block

warning: unnecessary `unsafe` block
   --> pcsx2\HwEtcMain.rs:791:9
    |
791 |         unsafe {
    |         ^^^^^^ unnecessary `unsafe` block

warning: unnecessary `unsafe` block
   --> pcsx2\HwEtcMain.rs:812:9
    |
812 |         unsafe {
    |         ^^^^^^ unnecessary `unsafe` block

warning: unnecessary `unsafe` block
    --> pcsx2\HwEtcMain.rs:1076:41
     |
1076 |     pub fn psxDma4Interrupt()  -> i32 { unsafe { *psxHu32(0x10C8) &= !0x0100_0000; } psxDmaInterrupt(4);  iopIntcIrq(9); 1 }
     |                                         ^^^^^^ unnecessary `unsafe` block

warning: unnecessary `unsafe` block
    --> pcsx2\HwEtcMain.rs:1077:41
     |
1077 |     pub fn psxDma7Interrupt()  -> i32 { unsafe { *psxHu32(0x1508) &= !0x0100_0000; } psxDmaInterrupt2(0); 1 }
     |                                         ^^^^^^ unnecessary `unsafe` block

warning: unnecessary `unsafe` block
    --> pcsx2\HwEtcMain.rs:1078:41
     |
1078 |     pub fn psxDMA8Interrupt()         { unsafe { if (*psxHu32(0x1518) & 0x0100_0000) != 0 { *psxHu32(0x1518) &= !0x0100_0000; psxD...
     |                                         ^^^^^^ unnecessary `unsafe` block

warning: unnecessary `unsafe` block
    --> pcsx2\HwEtcMain.rs:1079:41
     |
1079 |     pub fn psxDMA11Interrupt()        { unsafe { if (*psxHu32(0x1548) & 0x0100_0000) != 0 { *psxHu32(0x1548) &= !0x0100_0000; psxD...
     |                                         ^^^^^^ unnecessary `unsafe` block

warning: unnecessary `unsafe` block
    --> pcsx2\HwEtcMain.rs:1080:41
     |
1080 |     pub fn psxDMA12Interrupt()        { unsafe { if (*psxHu32(0x1558) & 0x0100_0000) != 0 { *psxHu32(0x1558) &= !0x0100_0000; psxD...
     |                                         ^^^^^^ unnecessary `unsafe` block

warning: unnecessary `unsafe` block
    --> pcsx2\HwEtcMain.rs:1399:14
     |
1399 |         _ => unsafe { *psxHu32(addr) },
     |              ^^^^^^ unnecessary `unsafe` block

warning: unnecessary `unsafe` block
    --> pcsx2\HwEtcMain.rs:1402:9
     |
1402 |         unsafe {
     |         ^^^^^^ unnecessary `unsafe` block

warning: unnecessary `unsafe` block
   --> pcsx2\InterpRs.rs:755:5
    |
755 |     unsafe {
    |     ^^^^^^ unnecessary `unsafe` block

error[E0515]: cannot return value referencing local variable `state`
   --> pcsx2\IopModulesSaveState.rs:944:9
    |
943 |         let wrapper = state.wrap();
    |                       ----- `state` is borrowed here
944 |         Ok((state, wrapper))
    |         ^^^^^^^^^^^^^^^^^^^^ returns a value referencing data owned by the current function

error[E0505]: cannot move out of `state` because it is borrowed
   --> pcsx2\IopModulesSaveState.rs:944:13
    |
932 |     pub fn from_reader<'b>(mut r: impl Read + 'b, version: u32) -> io::Result<(SaveState, StateWrapper<'b>)> {
    |                        -- lifetime `'b` defined here
...
935 |         let mut state = SaveState {
    |             --------- binding `state` declared here
...
943 |         let wrapper = state.wrap();
    |                       ----- borrow of `state` occurs here
944 |         Ok((state, wrapper))
    |         ----^^^^^-----------
    |         |   |
    |         |   move out of `state` occurs here
    |         returning this value requires that `state` is borrowed for `'b`

warning: unnecessary `unsafe` block
   --> pcsx2\Ipu.rs:830:5
    |
830 |     unsafe { ipuReset() };
    |     ^^^^^^ unnecessary `unsafe` block

warning: unnecessary `unsafe` block
   --> pcsx2\MemoryMmiMtgs.rs:123:5
    |
123 |     unsafe {
    |     ^^^^^^ unnecessary `unsafe` block

warning: unnecessary `unsafe` block
   --> pcsx2\MemoryMmiMtgs.rs:594:5
    |
594 |     unsafe {
    |     ^^^^^^ unnecessary `unsafe` block

warning: unnecessary `unsafe` block
   --> pcsx2\MemoryMmiMtgs.rs:664:5
    |
664 |     unsafe {
    |     ^^^^^^ unnecessary `unsafe` block

warning: unnecessary `unsafe` block
   --> pcsx2\RDebugFull.rs:606:37
    |
606 | pub static mut DECI2: Deci2Server = unsafe {
    |                                     ^^^^^^ unnecessary `unsafe` block

warning: unnecessary `unsafe` block
    --> pcsx2\SifMainEtc.rs:1554:28
     |
1554 |             0x0100_0201 => unsafe {
     |                            ^^^^^^ unnecessary `unsafe` block

warning: unnecessary `unsafe` block
    --> pcsx2\SifMainEtc.rs:1558:28
     |
1558 |             0x0100_0200 => unsafe {
     |                            ^^^^^^ unnecessary `unsafe` block

error[E0004]: non-exhaustive patterns: `128_u8..=u8::MAX` not covered
    --> pcsx2\SifVifSmall.rs:1336:11
     |
1336 |     match cmd & 0x7F {
     |           ^^^^^^^^^^ pattern `128_u8..=u8::MAX` not covered
     |
     = note: the matched value is of type `u8`
help: ensure that all possible cases are being handled by adding a match arm with a wildcard pattern or an explicit pattern as shown
     |
1373 ~         0x7C..=0x7F => vifCode_Unpack,
1374 ~         128_u8..=u8::MAX => todo!(),
     |

error[E0499]: cannot borrow `*self` as mutable more than once at a time
   --> pcsx2\SioMainEtc.rs:762:36
    |
762 |                     self.SetRxData(self.Memcard(cmd));
    |                     ---- --------- ^^^^ second mutable borrow occurs here
    |                     |    |
    |                     |    first borrow later used by call
    |                     first mutable borrow occurs here
    |
help: try adding a local storing this argument...
   --> pcsx2\SioMainEtc.rs:762:36
    |
762 |                     self.SetRxData(self.Memcard(cmd));
    |                                    ^^^^^^^^^^^^^^^^^
help: ...and then using that local as the argument to this call
   --> pcsx2\SioMainEtc.rs:762:21
    |
762 |                     self.SetRxData(self.Memcard(cmd));
    |                     ^^^^^^^^^^^^^^^^^^^^^^^^^^^^^^^^^

warning: unnecessary `unsafe` block
    --> pcsx2\SioPad.rs:1908:5
     |
1908 |     unsafe {
     |     ^^^^^^ unnecessary `unsafe` block

error[E0502]: cannot borrow `b` as immutable because it is also borrowed as mutable
    --> pcsx2\SioSmall.rs:1516:34
     |
1516 |             b.fifo_out.push_back(b.mcd().term);
     |             -          --------- ^ immutable borrow occurs here
     |             |          |
     |             |          mutable borrow later used by call
     |             mutable borrow occurs here

error[E0502]: cannot borrow `b` as immutable because it is also borrowed as mutable
    --> pcsx2\SioSmall.rs:1547:34
     |
1547 |             b.fifo_out.push_back(b.mcd().term);
     |             -          --------- ^ immutable borrow occurs here
     |             |          |
     |             |          mutable borrow later used by call
     |             mutable borrow occurs here

warning: unnecessary `unsafe` block
   --> pcsx2\VifMainEtc.rs:249:5
    |
249 |     unsafe {
    |     ^^^^^^ unnecessary `unsafe` block

warning: unreachable pattern
    --> pcsx2\x86\Ix86MainEtc.rs:1720:22
     |
1699 |         0o15 => {
     |         ---- matches all the relevant values
...
1720 |         4 | 5 | 12 | 13 | 14 => 0,
     |                      ^^ no value can reach this

warning: irrefutable `if let` pattern
    --> pcsx2_qt\DebuggerFull.rs:2127:20
     |
2127 |                 if let Ok(t) = num_traits_from_int::<MemoryViewType>(i) {
     |                    ^^^^^^^^^^^^^^^^^^^^^^^^^^^^^^^^^^^^^^^^^^^^^^^^^^^^
     |
     = note: this pattern will always match, so the `if let` is useless
     = help: consider replacing the `if let` with a `let`
     = note: `#[warn(irrefutable_let_patterns)]` on by default

error[E0512]: cannot transmute between types of different sizes, or dependently-sized types
   --> pcsx2_qt\FinalQtFull.rs:180:49
    |
180 | ...   0x01000030..=0x01000047 => unsafe { std::mem::transmute(((i as u32 - 0x01000030u32) as u8 + QtKey::Key_F1 as u8) as i32) },
    |                                           ^^^^^^^^^^^^^^^^^^^
    |
    = note: source type: `i32` (32 bits)
    = note: target type: `QtKey` (8 bits)

warning: unnecessary `unsafe` block
   --> thirdparty\cpuinfo\Cpuinfo.rs:499:5
    |
499 |     unsafe {
    |     ^^^^^^ unnecessary `unsafe` block

warning: unnecessary `unsafe` block
   --> thirdparty\cpuinfo\Cpuinfo.rs:510:5
    |
510 |     unsafe {
    |     ^^^^^^ unnecessary `unsafe` block

warning: unreachable pattern
   --> thirdparty\cubeb\Cubeb.rs:641:9
    |
637 | /         CubebSampleFormat::S16LE
638 | |         | CubebSampleFormat::S16BE
639 | |         | CubebSampleFormat::F32LE
640 | |         | CubebSampleFormat::F32BE => None,
    | |__________________________________- matches all the relevant values
641 |           _ => Some(CUBEB_ERROR_INVALID_FORMAT as i32),
    |           ^ no value can reach this

error[E0382]: use of moved value: `message`
   --> thirdparty\googletest\Gtest.rs:526:21
    |
514 |     message: String,
    |     ------- move occurs because `message` has type `String`, which does not implement the `Copy` trait
...
518 |     for suite in unit.test_suites.values() {
    |     -------------------------------------- inside of this loop
519 |         for test in suite.tests() {
    |         ------------------------- inside of this loop
...
526 |                     message,
    |                     ^^^^^^^ value moved here, in previous iteration of loop
    |
note: verify that your loop breaking logic is correct
   --> thirdparty\googletest\Gtest.rs:520:34
    |
518 |     for suite in unit.test_suites.values() {
    |     --------------------------------------
519 |         for test in suite.tests() {
    |         -------------------------
520 |             if file.is_empty() { continue; }
    |                                  ^^^^^^^^ this `continue` advances the loop at line 519
help: consider cloning the value if the performance cost is acceptable
    |
526 |                     message: message.clone(),
    |                            +++++++++++++++++

error[E0502]: cannot borrow `self.inbuf` as immutable because it is also borrowed as mutable
   --> thirdparty\more\FreeSurround.rs:138:34
    |
138 |         self.inbuf.copy_within(..self.inbuf.len() - copy_len, copy_len);
    |         ---------- -----------   ^^^^^^^^^^ immutable borrow occurs here
    |         |          |
    |         |          mutable borrow later used by call
    |         mutable borrow occurs here

error[E0502]: cannot borrow `self.inbuf` as immutable because it is also borrowed as mutable
   --> thirdparty\more\FreeSurround.rs:139:20
    |
139 |         self.inbuf[self.inbuf.len() - copy_len..]
    |         -----------^^^^^^^^^^--------------------
    |         |         ||
    |         |         |immutable borrow occurs here
    |         |         mutable borrow later used here
    |         mutable borrow occurs here
    |
help: try adding a local storing this...
   --> thirdparty\more\FreeSurround.rs:139:20
    |
139 |         self.inbuf[self.inbuf.len() - copy_len..]
    |                    ^^^^^^^^^^^^^^^^
help: ...and then using that local here
   --> thirdparty\more\FreeSurround.rs:139:19
    |
139 |         self.inbuf[self.inbuf.len() - copy_len..]
    |                   ^^^^^^^^^^^^^^^^^^^^^^^^^^^^^^^

error[E0596]: cannot borrow immutable static item `LOG` as mutable
   --> updater\UpdaterFull.rs:634:17
    |
463 | pub static LOG: Log = Log::new();
    | ------------------- this `static` cannot be borrowed as mutable
...
634 |         let _ = LOG.set_file_output_level(&log_path);
    |                 ^^^ cannot borrow as mutable

error[E0310]: the parameter type `P` may not live long enough
    --> updater\UpdaterFull.rs:1000:9
     |
1000 |         self.close_update_zip();
     |         ^^^^^^^^^^^^^^^^^^^^^^^
     |         |
     |         the parameter type `P` must be valid for the static lifetime...
     |         ...so that the type `P` will meet its required lifetime bounds
     |
help: consider adding an explicit lifetime bound
     |
 995 |     P: ProgressSink + 'static,
     |                     +++++++++

error[E0310]: the parameter type `A` may not live long enough
    --> updater\UpdaterFull.rs:1000:9
     |
1000 |         self.close_update_zip();
     |         ^^^^^^^^^^^^^^^^^^^^^^^
     |         |
     |         the parameter type `A` must be valid for the static lifetime...
     |         ...so that the type `A` will meet its required lifetime bounds
     |
help: consider adding an explicit lifetime bound
     |
 996 |     A: Archive + 'static,
     |                +++++++++

error[E0310]: the parameter type `S` may not live long enough
    --> updater\UpdaterFull.rs:1000:9
     |
1000 |         self.close_update_zip();
     |         ^^^^^^^^^^^^^^^^^^^^^^^
     |         |
     |         the parameter type `S` must be valid for the static lifetime...
     |         ...so that the type `S` will meet its required lifetime bounds
     |
help: consider adding an explicit lifetime bound
     |
 997 |     S: WindowsShell + 'static,
     |                     +++++++++

error[E0133]: call to unsafe function `std::mem::zeroed` is unsafe and requires unsafe function or block
   --> updater\UpdaterPrecompiled.rs:468:55
    |
468 |                 *slot = Some(vec![NVifBlock { fields: std::mem::zeroed() }; 1].into_boxed_slice());
    |                                                       ^^^^^^^^^^^^^^^^^^ call to unsafe function
    |
    = note: consult the function's documentation for information on how to avoid undefined behavior

Some errors have detailed explanations: E0004, E0015, E0061, E0081, E0119, E0133, E0204, E0271, E0277...
For more information about an error, try `rustc --explain E0004`.
warning: `pcsx2_translations` (lib) generated 83 warnings
error: could not compile `pcsx2_translations` (lib) due to 159 previous errors; 83 warnings emitted
