file	original_loc	target_rust_path	status	agent_id	started_at	completed_at	notes
3rdparty\ccc\src\ccc\ast.cpp	540	rust\translations\3rdparty\3rdparty/ccc/src/ccc/ast.rs	translated			2026-06-19T19.07.05	agent-3rdparty-batch
3rdparty\ccc\src\ccc\ast.h	344	rust\translations\3rdparty\3rdparty/ccc/src/ccc/ast.rs	translated			2026-06-19T19.07.05	agent-3rdparty-batch
3rdparty\ccc\src\ccc\elf_symtab.cpp	200	rust\translations\3rdparty\3rdparty/ccc/src/ccc/elf_symtab.rs	translated			2026-06-19T19.07.05	agent-3rdparty-batch
3rdparty\ccc\src\ccc\elf_symtab.h	15	rust\translations\3rdparty\3rdparty/ccc/src/ccc/elf_symtab.rs	translated			2026-06-19T19.07.05	agent-3rdparty-batch
3rdparty\ccc\src\ccc\elf.cpp	118	rust\translations\3rdparty\3rdparty/ccc/src/ccc/elf.rs	translated			2026-06-19T19.07.05	agent-3rdparty-batch
3rdparty\ccc\src\ccc\elf.h	146	rust\translations\3rdparty\3rdparty/ccc/src/ccc/elf.rs	translated			2026-06-19T19.07.05	agent-3rdparty-batch
3rdparty\ccc\src\ccc\importer_flags.cpp	89	rust\translations\3rdparty\3rdparty/ccc/src/ccc/importer_flags.rs	translated			2026-06-19T19.07.05	agent-3rdparty-batch
3rdparty\ccc\src\ccc\importer_flags.h	31	rust\translations\3rdparty\3rdparty/ccc/src/ccc/importer_flags.rs	translated			2026-06-19T19.07.05	agent-3rdparty-batch
3rdparty\ccc\src\ccc\mdebug_analysis.cpp	328	rust\translations\3rdparty\3rdparty/ccc/src/ccc/mdebug_analysis.rs	translated			2026-06-19T19.07.05	agent-3rdparty-batch
3rdparty\ccc\src\ccc\mdebug_analysis.h	93	rust\translations\3rdparty\3rdparty/ccc/src/ccc/mdebug_analysis.rs	translated			2026-06-19T19.07.05	agent-3rdparty-batch
3rdparty\ccc\src\ccc\mdebug_importer.cpp	654	rust\translations\3rdparty\3rdparty/ccc/src/ccc/mdebug_importer.rs	translated			2026-06-19T19.07.05	agent-3rdparty-batch
3rdparty\ccc\src\ccc\mdebug_importer.h	24	rust\translations\3rdparty\3rdparty/ccc/src/ccc/mdebug_importer.rs	translated			2026-06-19T19.07.05	agent-3rdparty-batch
3rdparty\ccc\src\ccc\mdebug_section.cpp	452	rust\translations\3rdparty\3rdparty/ccc/src/ccc/mdebug_section.rs	translated			2026-06-19T19.07.05	agent-3rdparty-batch
3rdparty\ccc\src\ccc\mdebug_section.h	162	rust\translations\3rdparty\3rdparty/ccc/src/ccc/mdebug_section.rs	translated			2026-06-19T19.07.05	agent-3rdparty-batch
3rdparty\ccc\src\ccc\mdebug_symbols.cpp	213	rust\translations\3rdparty\3rdparty/ccc/src/ccc/mdebug_symbols.rs	translated			2026-06-19T19.07.05	agent-3rdparty-batch
3rdparty\ccc\src\ccc\mdebug_symbols.h	25	rust\translations\3rdparty\3rdparty/ccc/src/ccc/mdebug_symbols.rs	translated			2026-06-19T19.07.05	agent-3rdparty-batch
3rdparty\ccc\src\ccc\sndll.cpp	178	rust\translations\3rdparty\3rdparty/ccc/src/ccc/sndll.rs	translated			2026-06-19T19.07.05	agent-3rdparty-batch
3rdparty\ccc\src\ccc\sndll.h	43	rust\translations\3rdparty\3rdparty/ccc/src/ccc/sndll.rs	translated			2026-06-19T19.07.05	agent-3rdparty-batch
3rdparty\ccc\src\ccc\stabs_to_ast.cpp	818	rust\translations\3rdparty\3rdparty/ccc/src/ccc/stabs_to_ast.rs	translated			2026-06-19T19.07.05	agent-3rdparty-batch
3rdparty\ccc\src\ccc\stabs_to_ast.h	24	rust\translations\3rdparty\3rdparty/ccc/src/ccc/stabs_to_ast.rs	translated			2026-06-19T19.07.05	agent-3rdparty-batch
3rdparty\ccc\src\ccc\stabs.cpp	811	rust\translations\3rdparty\3rdparty/ccc/src/ccc/stabs.rs	translated			2026-06-19T19.07.05	agent-3rdparty-batch
3rdparty\ccc\src\ccc\stabs.h	343	rust\translations\3rdparty\3rdparty/ccc/src/ccc/stabs.rs	translated			2026-06-19T19.07.05	agent-3rdparty-batch
3rdparty\ccc\src\ccc\symbol_database.cpp	1100	rust\translations\3rdparty\3rdparty/ccc/src/ccc/symbol_database.rs	translated			2026-06-19T19.07.05	agent-3rdparty-batch
3rdparty\ccc\src\ccc\symbol_database.h	683	rust\translations\3rdparty\3rdparty/ccc/src/ccc/symbol_database.rs	translated			2026-06-19T19.07.05	agent-3rdparty-batch
3rdparty\ccc\src\ccc\symbol_file.cpp	101	rust\translations\3rdparty\3rdparty/ccc/src/ccc/symbol_file.rs	translated			2026-06-19T19.07.05	agent-3rdparty-batch
3rdparty\ccc\src\ccc\symbol_file.h	53	rust\translations\3rdparty\3rdparty/ccc/src/ccc/symbol_file.rs	translated			2026-06-19T19.07.05	agent-3rdparty-batch
3rdparty\ccc\src\ccc\symbol_table.cpp	250	rust\translations\3rdparty\3rdparty/ccc/src/ccc/symbol_table.rs	translated			2026-06-19T19.07.05	agent-3rdparty-batch
3rdparty\ccc\src\ccc\symbol_table.h	144	rust\translations\3rdparty\3rdparty/ccc/src/ccc/symbol_table.rs	translated			2026-06-19T19.07.05	agent-3rdparty-batch
3rdparty\ccc\src\ccc\util.cpp	163	rust\translations\3rdparty\3rdparty/ccc/src/ccc/util.rs	translated			2026-06-19T19.07.05	agent-3rdparty-batch
3rdparty\ccc\src\ccc\util.h	304	rust\translations\3rdparty\3rdparty/ccc/src/ccc/util.rs	translated			2026-06-19T19.07.05	agent-3rdparty-batch
3rdparty\cpuinfo\deps\clog\include\clog.h	88	rust\translations\3rdparty\3rdparty/cpuinfo/deps/clog/include/clog.rs	translated			2026-06-19T19.07.05	agent-3rdparty-batch
3rdparty\cpuinfo\deps\clog\src\clog.c	401	rust\translations\3rdparty\3rdparty/cpuinfo/deps/clog/src/clog.rs	translated			2026-06-19T19.07.05	agent-3rdparty-batch
3rdparty\cpuinfo\include\cpuinfo-mock.h	62	rust\translations\3rdparty\3rdparty/cpuinfo/include/cpuinfo-mock.rs	translated			2026-06-19T19.07.05	agent-3rdparty-batch
3rdparty\cpuinfo\include\cpuinfo.h	2175	rust\translations\3rdparty\3rdparty/cpuinfo/include/cpuinfo.rs	translated			2026-06-19T19.07.05	agent-3rdparty-batch
3rdparty\cpuinfo\src\api.c	371	rust\translations\3rdparty\3rdparty/cpuinfo/src/api.rs	translated			2026-06-19T19.07.05	agent-3rdparty-batch
3rdparty\cpuinfo\src\arm\android\api.h	18	rust\translations\3rdparty\3rdparty/cpuinfo/src/arm/android/api.rs	translated			2026-06-19T19.07.05	agent-3rdparty-batch
3rdparty\cpuinfo\src\arm\android\properties.c	56	rust\translations\3rdparty\3rdparty/cpuinfo/src/arm/android/properties.rs	translated			2026-06-19T19.07.05	agent-3rdparty-batch
3rdparty\cpuinfo\src\arm\api.h	121	rust\translations\3rdparty\3rdparty/cpuinfo/src/arm/api.rs	translated			2026-06-19T19.07.05	agent-3rdparty-batch
3rdparty\cpuinfo\src\arm\cache.c	1773	rust\translations\3rdparty\3rdparty/cpuinfo/src/arm/cache.rs	translated			2026-06-19T19.07.05	agent-3rdparty-batch
3rdparty\cpuinfo\src\arm\linux\aarch32-isa.c	348	rust\translations\3rdparty\3rdparty/cpuinfo/src/arm/linux/aarch32-isa.rs	translated			2026-06-19T19.07.05	agent-3rdparty-batch
3rdparty\cpuinfo\src\arm\linux\aarch64-isa.c	200	rust\translations\3rdparty\3rdparty/cpuinfo/src/arm/linux/aarch64-isa.rs	translated			2026-06-19T19.07.05	agent-3rdparty-batch
3rdparty\cpuinfo\src\arm\linux\api.h	357	rust\translations\3rdparty\3rdparty/cpuinfo/src/arm/linux/api.rs	translated			2026-06-19T19.07.05	agent-3rdparty-batch
3rdparty\cpuinfo\src\arm\linux\chipset.c	4097	rust\translations\3rdparty\3rdparty/cpuinfo/src/arm/linux/chipset.rs	translated			2026-06-19T19.07.05	agent-3rdparty-batch
3rdparty\cpuinfo\src\arm\linux\clusters.c	601	rust\translations\3rdparty\3rdparty/cpuinfo/src/arm/linux/clusters.rs	translated			2026-06-19T19.07.05	agent-3rdparty-batch
3rdparty\cpuinfo\src\arm\linux\cp.h	44	rust\translations\3rdparty\3rdparty/cpuinfo/src/arm/linux/cp.rs	translated			2026-06-19T19.07.05	agent-3rdparty-batch
3rdparty\cpuinfo\src\arm\linux\cpuinfo.c	972	rust\translations\3rdparty\3rdparty/cpuinfo/src/arm/linux/cpuinfo.rs	translated			2026-06-19T19.07.05	agent-3rdparty-batch
3rdparty\cpuinfo\src\arm\linux\hwcap.c	138	rust\translations\3rdparty\3rdparty/cpuinfo/src/arm/linux/hwcap.rs	translated			2026-06-19T19.07.05	agent-3rdparty-batch
3rdparty\cpuinfo\src\arm\linux\init.c	912	rust\translations\3rdparty\3rdparty/cpuinfo/src/arm/linux/init.rs	translated			2026-06-19T19.07.05	agent-3rdparty-batch
3rdparty\cpuinfo\src\arm\linux\midr.c	972	rust\translations\3rdparty\3rdparty/cpuinfo/src/arm/linux/midr.rs	translated			2026-06-19T19.07.05	agent-3rdparty-batch
3rdparty\cpuinfo\src\arm\mach\init.c	703	rust\translations\3rdparty\3rdparty/cpuinfo/src/arm/mach/init.rs	translated			2026-06-19T19.07.05	agent-3rdparty-batch
3rdparty\cpuinfo\src\arm\midr.h	246	rust\translations\3rdparty\3rdparty/cpuinfo/src/arm/midr.rs	translated			2026-06-19T19.07.05	agent-3rdparty-batch
3rdparty\cpuinfo\src\arm\tlb.c	152	rust\translations\3rdparty\3rdparty/cpuinfo/src/arm/tlb.rs	translated			2026-06-19T19.07.05	agent-3rdparty-batch
3rdparty\cpuinfo\src\arm\uarch.c	461	rust\translations\3rdparty\3rdparty/cpuinfo/src/arm/uarch.rs	translated			2026-06-19T19.07.05	agent-3rdparty-batch
3rdparty\cpuinfo\src\arm\windows\init-by-logical-sys-info.c	825	rust\translations\3rdparty\3rdparty/cpuinfo/src/arm/windows/init-by-logical-sys-info.rs	translated			2026-06-19T19.07.05	agent-3rdparty-batch
3rdparty\cpuinfo\src\arm\windows\init.c	225	rust\translations\3rdparty\3rdparty/cpuinfo/src/arm/windows/init.rs	translated			2026-06-19T19.07.05	agent-3rdparty-batch
3rdparty\cpuinfo\src\arm\windows\windows-arm-init.h	62	rust\translations\3rdparty\3rdparty/cpuinfo/src/arm/windows/windows-arm-init.rs	translated			2026-06-19T19.07.05	agent-3rdparty-batch
3rdparty\cpuinfo\src\cache.c	15	rust\translations\3rdparty\3rdparty/cpuinfo/src/cache.rs	translated			2026-06-19T19.07.05	agent-3rdparty-batch
3rdparty\cpuinfo\src\cpuinfo\common.h	34	rust\translations\3rdparty\3rdparty/cpuinfo/src/cpuinfo/common.rs	translated			2026-06-19T19.07.05	agent-3rdparty-batch
3rdparty\cpuinfo\src\cpuinfo\internal-api.h	55	rust\translations\3rdparty\3rdparty/cpuinfo/src/cpuinfo/internal-api.rs	translated			2026-06-19T19.07.05	agent-3rdparty-batch
3rdparty\cpuinfo\src\cpuinfo\log.h	85	rust\translations\3rdparty\3rdparty/cpuinfo/src/cpuinfo/log.rs	translated			2026-06-19T19.07.05	agent-3rdparty-batch
3rdparty\cpuinfo\src\cpuinfo\utils.h	19	rust\translations\3rdparty\3rdparty/cpuinfo/src/cpuinfo/utils.rs	translated			2026-06-19T19.07.05	agent-3rdparty-batch
3rdparty\cpuinfo\src\emscripten\init.c	256	rust\translations\3rdparty\3rdparty/cpuinfo/src/emscripten/init.rs	translated			2026-06-19T19.07.05	agent-3rdparty-batch
3rdparty\cpuinfo\src\freebsd\api.h	9	rust\translations\3rdparty\3rdparty/cpuinfo/src/freebsd/api.rs	translated			2026-06-19T19.07.05	agent-3rdparty-batch
3rdparty\cpuinfo\src\freebsd\topology.c	94	rust\translations\3rdparty\3rdparty/cpuinfo/src/freebsd/topology.rs	translated			2026-06-19T19.07.05	agent-3rdparty-batch
3rdparty\cpuinfo\src\init.c	62	rust\translations\3rdparty\3rdparty/cpuinfo/src/init.rs	translated			2026-06-19T19.07.05	agent-3rdparty-batch
3rdparty\cpuinfo\src\linux\api.h	86	rust\translations\3rdparty\3rdparty/cpuinfo/src/linux/api.rs	translated			2026-06-19T19.07.05	agent-3rdparty-batch
3rdparty\cpuinfo\src\linux\cpulist.c	220	rust\translations\3rdparty\3rdparty/cpuinfo/src/linux/cpulist.rs	translated			2026-06-19T19.07.05	agent-3rdparty-batch
3rdparty\cpuinfo\src\linux\mockfile.c	91	rust\translations\3rdparty\3rdparty/cpuinfo/src/linux/mockfile.rs	translated			2026-06-19T19.07.05	agent-3rdparty-batch
3rdparty\cpuinfo\src\linux\multiline.c	102	rust\translations\3rdparty\3rdparty/cpuinfo/src/linux/multiline.rs	translated			2026-06-19T19.07.05	agent-3rdparty-batch
3rdparty\cpuinfo\src\linux\processors.c	533	rust\translations\3rdparty\3rdparty/cpuinfo/src/linux/processors.rs	translated			2026-06-19T19.07.05	agent-3rdparty-batch
3rdparty\cpuinfo\src\linux\smallfile.c	70	rust\translations\3rdparty\3rdparty/cpuinfo/src/linux/smallfile.rs	translated			2026-06-19T19.07.05	agent-3rdparty-batch
3rdparty\cpuinfo\src\log.c	183	rust\translations\3rdparty\3rdparty/cpuinfo/src/log.rs	translated			2026-06-19T19.07.05	agent-3rdparty-batch
3rdparty\cpuinfo\src\mach\api.h	10	rust\translations\3rdparty\3rdparty/cpuinfo/src/mach/api.rs	translated			2026-06-19T19.07.05	agent-3rdparty-batch
3rdparty\cpuinfo\src\mach\topology.c	61	rust\translations\3rdparty\3rdparty/cpuinfo/src/mach/topology.rs	translated			2026-06-19T19.07.05	agent-3rdparty-batch
3rdparty\cpuinfo\src\riscv\api.h	36	rust\translations\3rdparty\3rdparty/cpuinfo/src/riscv/api.rs	translated			2026-06-19T19.07.05	agent-3rdparty-batch
3rdparty\cpuinfo\src\riscv\linux\api.h	64	rust\translations\3rdparty\3rdparty/cpuinfo/src/riscv/linux/api.rs	translated			2026-06-19T19.07.05	agent-3rdparty-batch
3rdparty\cpuinfo\src\riscv\linux\init.c	563	rust\translations\3rdparty\3rdparty/cpuinfo/src/riscv/linux/init.rs	translated			2026-06-19T19.07.05	agent-3rdparty-batch
3rdparty\cpuinfo\src\riscv\linux\riscv-hw.c	177	rust\translations\3rdparty\3rdparty/cpuinfo/src/riscv/linux/riscv-hw.rs	translated			2026-06-19T19.07.05	agent-3rdparty-batch
3rdparty\cpuinfo\src\riscv\linux\riscv-isa.c	39	rust\translations\3rdparty\3rdparty/cpuinfo/src/riscv/linux/riscv-isa.rs	translated			2026-06-19T19.07.05	agent-3rdparty-batch
3rdparty\cpuinfo\src\riscv\uarch.c	25	rust\translations\3rdparty\3rdparty/cpuinfo/src/riscv/uarch.rs	translated			2026-06-19T19.07.05	agent-3rdparty-batch
3rdparty\cpuinfo\src\x86\api.h	141	rust\translations\3rdparty\3rdparty/cpuinfo/src/x86/api.rs	translated			2026-06-19T19.07.05	agent-3rdparty-batch
3rdparty\cpuinfo\src\x86\cache\descriptor.c	1824	rust\translations\3rdparty\3rdparty/cpuinfo/src/x86/cache/descriptor.rs	translated			2026-06-19T19.07.05	agent-3rdparty-batch
3rdparty\cpuinfo\src\x86\cache\deterministic.c	235	rust\translations\3rdparty\3rdparty/cpuinfo/src/x86/cache/deterministic.rs	translated			2026-06-19T19.07.05	agent-3rdparty-batch
3rdparty\cpuinfo\src\x86\cache\init.c	92	rust\translations\3rdparty\3rdparty/cpuinfo/src/x86/cache/init.rs	translated			2026-06-19T19.07.05	agent-3rdparty-batch
3rdparty\cpuinfo\src\x86\cpuid.h	72	rust\translations\3rdparty\3rdparty/cpuinfo/src/x86/cpuid.rs	translated			2026-06-19T19.07.05	agent-3rdparty-batch
3rdparty\cpuinfo\src\x86\freebsd\init.c	373	rust\translations\3rdparty\3rdparty/cpuinfo/src/x86/freebsd/init.rs	translated			2026-06-19T19.07.05	agent-3rdparty-batch
3rdparty\cpuinfo\src\x86\info.c	15	rust\translations\3rdparty\3rdparty/cpuinfo/src/x86/info.rs	translated			2026-06-19T19.07.05	agent-3rdparty-batch
3rdparty\cpuinfo\src\x86\init.c	66	rust\translations\3rdparty\3rdparty/cpuinfo/src/x86/init.rs	translated			2026-06-19T19.07.05	agent-3rdparty-batch
3rdparty\cpuinfo\src\x86\isa.c	723	rust\translations\3rdparty\3rdparty/cpuinfo/src/x86/isa.rs	translated			2026-06-19T19.07.05	agent-3rdparty-batch
3rdparty\cpuinfo\src\x86\linux\api.h	15	rust\translations\3rdparty\3rdparty/cpuinfo/src/x86/linux/api.rs	translated			2026-06-19T19.07.05	agent-3rdparty-batch
3rdparty\cpuinfo\src\x86\linux\cpuinfo.c	196	rust\translations\3rdparty\3rdparty/cpuinfo/src/x86/linux/cpuinfo.rs	translated			2026-06-19T19.07.05	agent-3rdparty-batch
3rdparty\cpuinfo\src\x86\linux\init.c	629	rust\translations\3rdparty\3rdparty/cpuinfo/src/x86/linux/init.rs	translated			2026-06-19T19.07.05	agent-3rdparty-batch
3rdparty\cpuinfo\src\x86\mach\init.c	355	rust\translations\3rdparty\3rdparty/cpuinfo/src/x86/mach/init.rs	translated			2026-06-19T19.07.05	agent-3rdparty-batch
3rdparty\cpuinfo\src\x86\mockcpuid.c	62	rust\translations\3rdparty\3rdparty/cpuinfo/src/x86/mockcpuid.rs	translated			2026-06-19T19.07.05	agent-3rdparty-batch
3rdparty\cpuinfo\src\x86\name.c	729	rust\translations\3rdparty\3rdparty/cpuinfo/src/x86/name.rs	translated			2026-06-19T19.07.05	agent-3rdparty-batch
3rdparty\cpuinfo\src\x86\topology.c	157	rust\translations\3rdparty\3rdparty/cpuinfo/src/x86/topology.rs	translated			2026-06-19T19.07.05	agent-3rdparty-batch
3rdparty\cpuinfo\src\x86\uarch.c	433	rust\translations\3rdparty\3rdparty/cpuinfo/src/x86/uarch.rs	translated			2026-06-19T19.07.05	agent-3rdparty-batch
3rdparty\cpuinfo\src\x86\vendor.c	172	rust\translations\3rdparty\3rdparty/cpuinfo/src/x86/vendor.rs	translated			2026-06-19T19.07.05	agent-3rdparty-batch
3rdparty\cpuinfo\src\x86\windows\api.h	42	rust\translations\3rdparty\3rdparty/cpuinfo/src/x86/windows/api.rs	translated			2026-06-19T19.07.05	agent-3rdparty-batch
3rdparty\cpuinfo\src\x86\windows\init.c	615	rust\translations\3rdparty\3rdparty/cpuinfo/src/x86/windows/init.rs	translated			2026-06-19T19.07.05	agent-3rdparty-batch
3rdparty\cubeb\cmake\compile_tests\oss_is_v4.c	8	rust\translations\3rdparty\3rdparty/cubeb/cmake/compile_tests/oss_is_v4.rs	translated			2026-06-19T19.07.05	agent-3rdparty-batch
3rdparty\cubeb\include\cubeb\cubeb_export.h	9	rust\translations\3rdparty\3rdparty/cubeb/include/cubeb/cubeb_export.rs	translated			2026-06-19T19.07.05	agent-3rdparty-batch
3rdparty\cubeb\include\cubeb\cubeb.h	723	rust\translations\3rdparty\3rdparty/cubeb/include/cubeb/cubeb.rs	translated			2026-06-19T19.07.05	agent-3rdparty-batch
3rdparty\cubeb\src\cubeb_alsa.c	1236	rust\translations\3rdparty\3rdparty/cubeb/src/cubeb_alsa.rs	translated			2026-06-19T19.07.05	agent-3rdparty-batch
3rdparty\cubeb\src\cubeb_assert.h	22	rust\translations\3rdparty\3rdparty/cubeb/src/cubeb_assert.rs	translated			2026-06-19T19.07.05	agent-3rdparty-batch
3rdparty\cubeb\src\cubeb_audiounit.cpp	3281	rust\translations\3rdparty\3rdparty/cubeb/src/cubeb_audiounit.rs	translated			2026-06-19T19.07.05	agent-3rdparty-batch
3rdparty\cubeb\src\cubeb_jack.cpp	1048	rust\translations\3rdparty\3rdparty/cubeb/src/cubeb_jack.rs	translated			2026-06-19T19.07.05	agent-3rdparty-batch
3rdparty\cubeb\src\cubeb_log.cpp	221	rust\translations\3rdparty\3rdparty/cubeb/src/cubeb_log.rs	translated			2026-06-19T19.07.05	agent-3rdparty-batch
3rdparty\cubeb\src\cubeb_log.h	64	rust\translations\3rdparty\3rdparty/cubeb/src/cubeb_log.rs	translated			2026-06-19T19.07.05	agent-3rdparty-batch
3rdparty\cubeb\src\cubeb_mixer.cpp	568	rust\translations\3rdparty\3rdparty/cubeb/src/cubeb_mixer.rs	translated			2026-06-19T19.07.05	agent-3rdparty-batch
3rdparty\cubeb\src\cubeb_mixer.h	29	rust\translations\3rdparty\3rdparty/cubeb/src/cubeb_mixer.rs	translated			2026-06-19T19.07.05	agent-3rdparty-batch
3rdparty\cubeb\src\cubeb_oss.c	1203	rust\translations\3rdparty\3rdparty/cubeb/src/cubeb_oss.rs	translated			2026-06-19T19.07.05	agent-3rdparty-batch
3rdparty\cubeb\src\cubeb_osx_run_loop.cpp	30	rust\translations\3rdparty\3rdparty/cubeb/src/cubeb_osx_run_loop.rs	translated			2026-06-19T19.07.05	agent-3rdparty-batch
3rdparty\cubeb\src\cubeb_osx_run_loop.h	20	rust\translations\3rdparty\3rdparty/cubeb/src/cubeb_osx_run_loop.rs	translated			2026-06-19T19.07.05	agent-3rdparty-batch
3rdparty\cubeb\src\cubeb_pulse.c	1485	rust\translations\3rdparty\3rdparty/cubeb/src/cubeb_pulse.rs	translated			2026-06-19T19.07.05	agent-3rdparty-batch
3rdparty\cubeb\src\cubeb_resampler_internal.h	556	rust\translations\3rdparty\3rdparty/cubeb/src/cubeb_resampler_internal.rs	translated			2026-06-19T19.07.05	agent-3rdparty-batch
3rdparty\cubeb\src\cubeb_resampler.cpp	327	rust\translations\3rdparty\3rdparty/cubeb/src/cubeb_resampler.rs	translated			2026-06-19T19.07.05	agent-3rdparty-batch
3rdparty\cubeb\src\cubeb_resampler.h	92	rust\translations\3rdparty\3rdparty/cubeb/src/cubeb_resampler.rs	translated			2026-06-19T19.07.05	agent-3rdparty-batch
3rdparty\cubeb\src\cubeb_ring_array.h	119	rust\translations\3rdparty\3rdparty/cubeb/src/cubeb_ring_array.rs	translated			2026-06-19T19.07.05	agent-3rdparty-batch
3rdparty\cubeb\src\cubeb_ringbuffer.h	443	rust\translations\3rdparty\3rdparty/cubeb/src/cubeb_ringbuffer.rs	translated			2026-06-19T19.07.05	agent-3rdparty-batch
3rdparty\cubeb\src\cubeb_sndio.c	618	rust\translations\3rdparty\3rdparty/cubeb/src/cubeb_sndio.rs	translated			2026-06-19T19.07.05	agent-3rdparty-batch
3rdparty\cubeb\src\cubeb_strings.c	121	rust\translations\3rdparty\3rdparty/cubeb/src/cubeb_strings.rs	translated			2026-06-19T19.07.05	agent-3rdparty-batch
3rdparty\cubeb\src\cubeb_strings.h	38	rust\translations\3rdparty\3rdparty/cubeb/src/cubeb_strings.rs	translated			2026-06-19T19.07.05	agent-3rdparty-batch
3rdparty\cubeb\src\cubeb_tracing.h	19	rust\translations\3rdparty\3rdparty/cubeb/src/cubeb_tracing.rs	translated			2026-06-19T19.07.05	agent-3rdparty-batch
3rdparty\cubeb\src\cubeb_triple_buffer.h	81	rust\translations\3rdparty\3rdparty/cubeb/src/cubeb_triple_buffer.rs	translated			2026-06-19T19.07.05	agent-3rdparty-batch
3rdparty\cubeb\src\cubeb_utils_unix.h	76	rust\translations\3rdparty\3rdparty/cubeb/src/cubeb_utils_unix.rs	translated			2026-06-19T19.07.05	agent-3rdparty-batch
3rdparty\cubeb\src\cubeb_utils_win.h	58	rust\translations\3rdparty\3rdparty/cubeb/src/cubeb_utils_win.rs	translated			2026-06-19T19.07.05	agent-3rdparty-batch
3rdparty\cubeb\src\cubeb_utils.cpp	23	rust\translations\3rdparty\3rdparty/cubeb/src/cubeb_utils.rs	translated			2026-06-19T19.07.05	agent-3rdparty-batch
3rdparty\cubeb\src\cubeb_utils.h	268	rust\translations\3rdparty\3rdparty/cubeb/src/cubeb_utils.rs	translated			2026-06-19T19.07.05	agent-3rdparty-batch
3rdparty\cubeb\src\cubeb_wasapi.cpp	3316	rust\translations\3rdparty\3rdparty/cubeb/src/cubeb_wasapi.rs	translated			2026-06-19T19.07.05	agent-3rdparty-batch
3rdparty\cubeb\src\cubeb_winmm.c	1007	rust\translations\3rdparty\3rdparty/cubeb/src/cubeb_winmm.rs	translated			2026-06-19T19.07.05	agent-3rdparty-batch
3rdparty\cubeb\src\cubeb-internal.h	73	rust\translations\3rdparty\3rdparty/cubeb/src/cubeb-internal.rs	translated			2026-06-19T19.07.05	agent-3rdparty-batch
3rdparty\cubeb\src\cubeb-jni-instances.h	26	rust\translations\3rdparty\3rdparty/cubeb/src/cubeb-jni-instances.rs	translated			2026-06-19T19.07.05	agent-3rdparty-batch
3rdparty\cubeb\src\cubeb-jni.cpp	69	rust\translations\3rdparty\3rdparty/cubeb/src/cubeb-jni.rs	translated			2026-06-19T19.07.05	agent-3rdparty-batch
3rdparty\cubeb\src\cubeb-jni.h	16	rust\translations\3rdparty\3rdparty/cubeb/src/cubeb-jni.rs	translated			2026-06-19T19.07.05	agent-3rdparty-batch
3rdparty\cubeb\src\cubeb-speex-resampler.h	1	rust\translations\3rdparty\3rdparty/cubeb/src/cubeb-speex-resampler.rs	translated			2026-06-19T19.07.05	agent-3rdparty-batch
3rdparty\cubeb\src\cubeb.c	713	rust\translations\3rdparty\3rdparty/cubeb/src/cubeb.rs	translated			2026-06-19T19.07.05	agent-3rdparty-batch
3rdparty\cubeb\subprojects\speex\arch.h	181	rust\translations\3rdparty\3rdparty/cubeb/subprojects/speex/arch.rs	translated			2026-06-19T19.07.05	agent-3rdparty-batch
3rdparty\cubeb\subprojects\speex\fixed_generic.h	83	rust\translations\3rdparty\3rdparty/cubeb/subprojects/speex/fixed_generic.rs	translated			2026-06-19T19.07.05	agent-3rdparty-batch
3rdparty\cubeb\subprojects\speex\resample_neon.h	326	rust\translations\3rdparty\3rdparty/cubeb/subprojects/speex/resample_neon.rs	translated			2026-06-19T19.07.05	agent-3rdparty-batch
3rdparty\cubeb\subprojects\speex\resample_sse.h	115	rust\translations\3rdparty\3rdparty/cubeb/subprojects/speex/resample_sse.rs	translated			2026-06-19T19.07.05	agent-3rdparty-batch
3rdparty\cubeb\subprojects\speex\resample.c	1099	rust\translations\3rdparty\3rdparty/cubeb/subprojects/speex/resample.rs	translated			2026-06-19T19.07.05	agent-3rdparty-batch
3rdparty\cubeb\subprojects\speex\speex_config_types.h	8	rust\translations\3rdparty\3rdparty/cubeb/subprojects/speex/speex_config_types.rs	translated			2026-06-19T19.07.05	agent-3rdparty-batch
3rdparty\cubeb\subprojects\speex\speex_resampler.h	294	rust\translations\3rdparty\3rdparty/cubeb/subprojects/speex/speex_resampler.rs	translated			2026-06-19T19.07.05	agent-3rdparty-batch
3rdparty\cubeb\subprojects\speex\stack_alloc.h	94	rust\translations\3rdparty\3rdparty/cubeb/subprojects/speex/stack_alloc.rs	translated			2026-06-19T19.07.05	agent-3rdparty-batch
3rdparty\d3d12memalloc\include\D3D12MemAlloc.h	2921	rust\translations\3rdparty\3rdparty/d3d12memalloc/include/D3D12MemAlloc.rs	translated			2026-06-19T19.07.05	agent-3rdparty-batch
3rdparty\d3d12memalloc\src\D3D12MemAlloc.cpp	9211	rust\translations\3rdparty\3rdparty/d3d12memalloc/src/D3D12MemAlloc.rs	translated			2026-06-19T19.07.05	agent-3rdparty-batch
3rdparty\demangler\include\ansidecl.h	306	rust\translations\3rdparty\3rdparty/demangler/include/ansidecl.rs	translated			2026-06-19T19.07.05	agent-3rdparty-batch
3rdparty\demangler\include\cp-demangle.h	176	rust\translations\3rdparty\3rdparty/demangler/include/cp-demangle.rs	translated			2026-06-19T19.07.05	agent-3rdparty-batch
3rdparty\demangler\include\demangle.h	662	rust\translations\3rdparty\3rdparty/demangler/include/demangle.rs	translated			2026-06-19T19.07.05	agent-3rdparty-batch
3rdparty\demangler\include\dyn-string.h	59	rust\translations\3rdparty\3rdparty/demangler/include/dyn-string.rs	translated			2026-06-19T19.07.05	agent-3rdparty-batch
3rdparty\demangler\include\environ.h	30	rust\translations\3rdparty\3rdparty/demangler/include/environ.rs	translated			2026-06-19T19.07.05	agent-3rdparty-batch
3rdparty\demangler\include\libiberty.h	551	rust\translations\3rdparty\3rdparty/demangler/include/libiberty.rs	translated			2026-06-19T19.07.05	agent-3rdparty-batch
3rdparty\demangler\include\safe-ctype.h	128	rust\translations\3rdparty\3rdparty/demangler/include/safe-ctype.rs	translated			2026-06-19T19.07.05	agent-3rdparty-batch
3rdparty\demangler\src\alloca.c	390	rust\translations\3rdparty\3rdparty/demangler/src/alloca.rs	translated			2026-06-19T19.07.05	agent-3rdparty-batch
3rdparty\demangler\src\argv.c	488	rust\translations\3rdparty\3rdparty/demangler/src/argv.rs	translated			2026-06-19T19.07.05	agent-3rdparty-batch
3rdparty\demangler\src\cp-demangle.c	6292	rust\translations\3rdparty\3rdparty/demangler/src/cp-demangle.rs	translated			2026-06-19T19.07.05	agent-3rdparty-batch
3rdparty\demangler\src\cplus-dem.c	4429	rust\translations\3rdparty\3rdparty/demangler/src/cplus-dem.rs	translated			2026-06-19T19.07.05	agent-3rdparty-batch
3rdparty\demangler\src\d-demangle.c	1692	rust\translations\3rdparty\3rdparty/demangler/src/d-demangle.rs	translated			2026-06-19T19.07.05	agent-3rdparty-batch
3rdparty\demangler\src\dyn-string.c	337	rust\translations\3rdparty\3rdparty/demangler/src/dyn-string.rs	translated			2026-06-19T19.07.05	agent-3rdparty-batch
3rdparty\demangler\src\rust-demangle.c	1389	rust\translations\3rdparty\3rdparty/demangler/src/rust-demangle.rs	translated			2026-06-19T19.07.05	agent-3rdparty-batch
3rdparty\demangler\src\safe-ctype.c	213	rust\translations\3rdparty\3rdparty/demangler/src/safe-ctype.rs	translated			2026-06-19T19.07.05	agent-3rdparty-batch
3rdparty\demangler\src\xexit.c	40	rust\translations\3rdparty\3rdparty/demangler/src/xexit.rs	translated			2026-06-19T19.07.05	agent-3rdparty-batch
3rdparty\demangler\src\xmalloc.c	149	rust\translations\3rdparty\3rdparty/demangler/src/xmalloc.rs	translated			2026-06-19T19.07.05	agent-3rdparty-batch
3rdparty\demangler\src\xmemdup.c	33	rust\translations\3rdparty\3rdparty/demangler/src/xmemdup.rs	translated			2026-06-19T19.07.05	agent-3rdparty-batch
3rdparty\demangler\src\xstrdup.c	29	rust\translations\3rdparty\3rdparty/demangler/src/xstrdup.rs	translated			2026-06-19T19.07.05	agent-3rdparty-batch
3rdparty\demangler\testsuite\demangler-fuzzer.c	84	rust\translations\3rdparty\3rdparty/demangler/testsuite/demangler-fuzzer.rs	translated			2026-06-19T19.07.05	agent-3rdparty-batch
3rdparty\demangler\testsuite\test-demangle.c	306	rust\translations\3rdparty\3rdparty/demangler/testsuite/test-demangle.rs	translated			2026-06-19T19.07.05	agent-3rdparty-batch
3rdparty\discord-rpc\include\discord_register.h	22	rust\translations\3rdparty\3rdparty/discord-rpc/include/discord_register.rs	translated			2026-06-19T19.07.05	agent-3rdparty-batch
3rdparty\discord-rpc\include\discord_rpc.h	72	rust\translations\3rdparty\3rdparty/discord-rpc/include/discord_rpc.rs	translated			2026-06-19T19.07.05	agent-3rdparty-batch
3rdparty\discord-rpc\src\backoff.h	34	rust\translations\3rdparty\3rdparty/discord-rpc/src/backoff.rs	translated			2026-06-19T19.07.05	agent-3rdparty-batch
3rdparty\discord-rpc\src\connection_unix.cpp	109	rust\translations\3rdparty\3rdparty/discord-rpc/src/connection_unix.rs	translated			2026-06-19T19.07.05	agent-3rdparty-batch
3rdparty\discord-rpc\src\connection_win.cpp	117	rust\translations\3rdparty\3rdparty/discord-rpc/src/connection_win.rs	translated			2026-06-19T19.07.05	agent-3rdparty-batch
3rdparty\discord-rpc\src\connection.h	15	rust\translations\3rdparty\3rdparty/discord-rpc/src/connection.rs	translated			2026-06-19T19.07.05	agent-3rdparty-batch
3rdparty\discord-rpc\src\discord_register_linux.cpp	91	rust\translations\3rdparty\3rdparty/discord-rpc/src/discord_register_linux.rs	translated			2026-06-19T19.07.05	agent-3rdparty-batch
3rdparty\discord-rpc\src\discord_register_win.cpp	165	rust\translations\3rdparty\3rdparty/discord-rpc/src/discord_register_win.rs	translated			2026-06-19T19.07.05	agent-3rdparty-batch
3rdparty\discord-rpc\src\discord_rpc.cpp	452	rust\translations\3rdparty\3rdparty/discord-rpc/src/discord_rpc.rs	translated			2026-06-19T19.07.05	agent-3rdparty-batch
3rdparty\discord-rpc\src\dllmain.cpp	7	rust\translations\3rdparty\3rdparty/discord-rpc/src/dllmain.rs	translated			2026-06-19T19.07.05	agent-3rdparty-batch
3rdparty\discord-rpc\src\msg_queue.h	30	rust\translations\3rdparty\3rdparty/discord-rpc/src/msg_queue.rs	translated			2026-06-19T19.07.05	agent-3rdparty-batch
3rdparty\discord-rpc\src\rpc_connection.cpp	124	rust\translations\3rdparty\3rdparty/discord-rpc/src/rpc_connection.rs	translated			2026-06-19T19.07.05	agent-3rdparty-batch
3rdparty\discord-rpc\src\rpc_connection.h	48	rust\translations\3rdparty\3rdparty/discord-rpc/src/rpc_connection.rs	translated			2026-06-19T19.07.05	agent-3rdparty-batch
3rdparty\discord-rpc\src\serialization.cpp	201	rust\translations\3rdparty\3rdparty/discord-rpc/src/serialization.rs	translated			2026-06-19T19.07.05	agent-3rdparty-batch
3rdparty\discord-rpc\src\serialization.h	191	rust\translations\3rdparty\3rdparty/discord-rpc/src/serialization.rs	translated			2026-06-19T19.07.05	agent-3rdparty-batch
3rdparty\fast_float\include\fast_float\ascii_number.h	695	rust\translations\3rdparty\3rdparty/fast_float/include/fast_float/ascii_number.rs	translated			2026-06-19T19.07.05	agent-3rdparty-batch
3rdparty\fast_float\include\fast_float\bigint.h	567	rust\translations\3rdparty\3rdparty/fast_float/include/fast_float/bigint.rs	translated			2026-06-19T19.07.05	agent-3rdparty-batch
3rdparty\fast_float\include\fast_float\constexpr_feature_detect.h	45	rust\translations\3rdparty\3rdparty/fast_float/include/fast_float/constexpr_feature_detect.rs	translated			2026-06-19T19.07.05	agent-3rdparty-batch
3rdparty\fast_float\include\fast_float\decimal_to_binary.h	194	rust\translations\3rdparty\3rdparty/fast_float/include/fast_float/decimal_to_binary.rs	translated			2026-06-19T19.07.05	agent-3rdparty-batch
3rdparty\fast_float\include\fast_float\digit_comparison.h	414	rust\translations\3rdparty\3rdparty/fast_float/include/fast_float/digit_comparison.rs	translated			2026-06-19T19.07.05	agent-3rdparty-batch
3rdparty\fast_float\include\fast_float\fast_float.h	82	rust\translations\3rdparty\3rdparty/fast_float/include/fast_float/fast_float.rs	translated			2026-06-19T19.07.05	agent-3rdparty-batch
3rdparty\fast_float\include\fast_float\fast_table.h	697	rust\translations\3rdparty\3rdparty/fast_float/include/fast_float/fast_table.rs	translated			2026-06-19T19.07.05	agent-3rdparty-batch
3rdparty\fast_float\include\fast_float\float_common.h	1223	rust\translations\3rdparty\3rdparty/fast_float/include/fast_float/float_common.rs	translated			2026-06-19T19.07.05	agent-3rdparty-batch
3rdparty\fast_float\include\fast_float\parse_number.h	441	rust\translations\3rdparty\3rdparty/fast_float/include/fast_float/parse_number.rs	translated			2026-06-19T19.07.05	agent-3rdparty-batch
3rdparty\fast_float\include\fast_float\simple_decimal_conversion.h	341	rust\translations\3rdparty\3rdparty/fast_float/include/fast_float/simple_decimal_conversion.rs	translated			2026-06-19T19.07.05	agent-3rdparty-batch
3rdparty\ffmpeg\include\libavcodec\ac3_parser.h	31	rust\translations\3rdparty\3rdparty/ffmpeg/include/libavcodec/ac3_parser.rs	translated			2026-06-19T19.07.05	agent-3rdparty-batch
3rdparty\ffmpeg\include\libavcodec\adts_parser.h	32	rust\translations\3rdparty\3rdparty/ffmpeg/include/libavcodec/adts_parser.rs	translated			2026-06-19T19.07.05	agent-3rdparty-batch
3rdparty\ffmpeg\include\libavcodec\avcodec.h	2694	rust\translations\3rdparty\3rdparty/ffmpeg/include/libavcodec/avcodec.rs	translated			2026-06-19T19.07.05	agent-3rdparty-batch
3rdparty\ffmpeg\include\libavcodec\avdct.h	73	rust\translations\3rdparty\3rdparty/ffmpeg/include/libavcodec/avdct.rs	translated			2026-06-19T19.07.05	agent-3rdparty-batch
3rdparty\ffmpeg\include\libavcodec\avfft.h	127	rust\translations\3rdparty\3rdparty/ffmpeg/include/libavcodec/avfft.rs	translated			2026-06-19T19.07.05	agent-3rdparty-batch
3rdparty\ffmpeg\include\libavcodec\bsf.h	300	rust\translations\3rdparty\3rdparty/ffmpeg/include/libavcodec/bsf.rs	translated			2026-06-19T19.07.05	agent-3rdparty-batch
3rdparty\ffmpeg\include\libavcodec\codec_desc.h	121	rust\translations\3rdparty\3rdparty/ffmpeg/include/libavcodec/codec_desc.rs	translated			2026-06-19T19.07.05	agent-3rdparty-batch
3rdparty\ffmpeg\include\libavcodec\codec_id.h	657	rust\translations\3rdparty\3rdparty/ffmpeg/include/libavcodec/codec_id.rs	translated			2026-06-19T19.07.05	agent-3rdparty-batch
3rdparty\ffmpeg\include\libavcodec\codec_par.h	220	rust\translations\3rdparty\3rdparty/ffmpeg/include/libavcodec/codec_par.rs	translated			2026-06-19T19.07.05	agent-3rdparty-batch
3rdparty\ffmpeg\include\libavcodec\codec.h	337	rust\translations\3rdparty\3rdparty/ffmpeg/include/libavcodec/codec.rs	translated			2026-06-19T19.07.05	agent-3rdparty-batch
3rdparty\ffmpeg\include\libavcodec\d3d11va.h	93	rust\translations\3rdparty\3rdparty/ffmpeg/include/libavcodec/d3d11va.rs	translated			2026-06-19T19.07.05	agent-3rdparty-batch
3rdparty\ffmpeg\include\libavcodec\defs.h	314	rust\translations\3rdparty\3rdparty/ffmpeg/include/libavcodec/defs.rs	translated			2026-06-19T19.07.05	agent-3rdparty-batch
3rdparty\ffmpeg\include\libavcodec\dirac.h	116	rust\translations\3rdparty\3rdparty/ffmpeg/include/libavcodec/dirac.rs	translated			2026-06-19T19.07.05	agent-3rdparty-batch
3rdparty\ffmpeg\include\libavcodec\dv_profile.h	72	rust\translations\3rdparty\3rdparty/ffmpeg/include/libavcodec/dv_profile.rs	translated			2026-06-19T19.07.05	agent-3rdparty-batch
3rdparty\ffmpeg\include\libavcodec\dxva2.h	77	rust\translations\3rdparty\3rdparty/ffmpeg/include/libavcodec/dxva2.rs	translated			2026-06-19T19.07.05	agent-3rdparty-batch
3rdparty\ffmpeg\include\libavcodec\jni.h	61	rust\translations\3rdparty\3rdparty/ffmpeg/include/libavcodec/jni.rs	translated			2026-06-19T19.07.05	agent-3rdparty-batch
3rdparty\ffmpeg\include\libavcodec\mediacodec.h	91	rust\translations\3rdparty\3rdparty/ffmpeg/include/libavcodec/mediacodec.rs	translated			2026-06-19T19.07.05	agent-3rdparty-batch
3rdparty\ffmpeg\include\libavcodec\packet.h	820	rust\translations\3rdparty\3rdparty/ffmpeg/include/libavcodec/packet.rs	translated			2026-06-19T19.07.05	agent-3rdparty-batch
3rdparty\ffmpeg\include\libavcodec\qsv.h	97	rust\translations\3rdparty\3rdparty/ffmpeg/include/libavcodec/qsv.rs	translated			2026-06-19T19.07.05	agent-3rdparty-batch
3rdparty\ffmpeg\include\libavcodec\vdpau.h	122	rust\translations\3rdparty\3rdparty/ffmpeg/include/libavcodec/vdpau.rs	translated			2026-06-19T19.07.05	agent-3rdparty-batch
3rdparty\ffmpeg\include\libavcodec\version_major.h	46	rust\translations\3rdparty\3rdparty/ffmpeg/include/libavcodec/version_major.rs	translated			2026-06-19T19.07.05	agent-3rdparty-batch
3rdparty\ffmpeg\include\libavcodec\version.h	37	rust\translations\3rdparty\3rdparty/ffmpeg/include/libavcodec/version.rs	translated			2026-06-19T19.07.05	agent-3rdparty-batch
3rdparty\ffmpeg\include\libavcodec\videotoolbox.h	72	rust\translations\3rdparty\3rdparty/ffmpeg/include/libavcodec/videotoolbox.rs	translated			2026-06-19T19.07.05	agent-3rdparty-batch
3rdparty\ffmpeg\include\libavcodec\vorbis_parser.h	63	rust\translations\3rdparty\3rdparty/ffmpeg/include/libavcodec/vorbis_parser.rs	translated			2026-06-19T19.07.05	agent-3rdparty-batch
3rdparty\ffmpeg\include\libavformat\avformat.h	2745	rust\translations\3rdparty\3rdparty/ffmpeg/include/libavformat/avformat.rs	translated			2026-06-19T19.07.05	agent-3rdparty-batch
3rdparty\ffmpeg\include\libavformat\avio.h	761	rust\translations\3rdparty\3rdparty/ffmpeg/include/libavformat/avio.rs	translated			2026-06-19T19.07.05	agent-3rdparty-batch
3rdparty\ffmpeg\include\libavformat\version_major.h	44	rust\translations\3rdparty\3rdparty/ffmpeg/include/libavformat/version_major.rs	translated			2026-06-19T19.07.05	agent-3rdparty-batch
3rdparty\ffmpeg\include\libavformat\version.h	39	rust\translations\3rdparty\3rdparty/ffmpeg/include/libavformat/version.rs	translated			2026-06-19T19.07.05	agent-3rdparty-batch
3rdparty\ffmpeg\include\libavutil\adler32.h	55	rust\translations\3rdparty\3rdparty/ffmpeg/include/libavutil/adler32.rs	translated			2026-06-19T19.07.05	agent-3rdparty-batch
3rdparty\ffmpeg\include\libavutil\aes_ctr.h	82	rust\translations\3rdparty\3rdparty/ffmpeg/include/libavutil/aes_ctr.rs	translated			2026-06-19T19.07.05	agent-3rdparty-batch
3rdparty\ffmpeg\include\libavutil\aes.h	58	rust\translations\3rdparty\3rdparty/ffmpeg/include/libavutil/aes.rs	translated			2026-06-19T19.07.05	agent-3rdparty-batch
3rdparty\ffmpeg\include\libavutil\ambient_viewing_environment.h	64	rust\translations\3rdparty\3rdparty/ffmpeg/include/libavutil/ambient_viewing_environment.rs	translated			2026-06-19T19.07.05	agent-3rdparty-batch
3rdparty\ffmpeg\include\libavutil\attributes.h	154	rust\translations\3rdparty\3rdparty/ffmpeg/include/libavutil/attributes.rs	translated			2026-06-19T19.07.05	agent-3rdparty-batch
3rdparty\ffmpeg\include\libavutil\audio_fifo.h	169	rust\translations\3rdparty\3rdparty/ffmpeg/include/libavutil/audio_fifo.rs	translated			2026-06-19T19.07.05	agent-3rdparty-batch
3rdparty\ffmpeg\include\libavutil\avassert.h	111	rust\translations\3rdparty\3rdparty/ffmpeg/include/libavutil/avassert.rs	translated			2026-06-19T19.07.05	agent-3rdparty-batch
3rdparty\ffmpeg\include\libavutil\avconfig.h	6	rust\translations\3rdparty\3rdparty/ffmpeg/include/libavutil/avconfig.rs	translated			2026-06-19T19.07.05	agent-3rdparty-batch
3rdparty\ffmpeg\include\libavutil\avstring.h	387	rust\translations\3rdparty\3rdparty/ffmpeg/include/libavutil/avstring.rs	translated			2026-06-19T19.07.05	agent-3rdparty-batch
3rdparty\ffmpeg\include\libavutil\avutil.h	326	rust\translations\3rdparty\3rdparty/ffmpeg/include/libavutil/avutil.rs	translated			2026-06-19T19.07.05	agent-3rdparty-batch
3rdparty\ffmpeg\include\libavutil\base64.h	63	rust\translations\3rdparty\3rdparty/ffmpeg/include/libavutil/base64.rs	translated			2026-06-19T19.07.05	agent-3rdparty-batch
3rdparty\ffmpeg\include\libavutil\blowfish.h	71	rust\translations\3rdparty\3rdparty/ffmpeg/include/libavutil/blowfish.rs	translated			2026-06-19T19.07.05	agent-3rdparty-batch
3rdparty\ffmpeg\include\libavutil\bprint.h	229	rust\translations\3rdparty\3rdparty/ffmpeg/include/libavutil/bprint.rs	translated			2026-06-19T19.07.05	agent-3rdparty-batch
3rdparty\ffmpeg\include\libavutil\bswap.h	89	rust\translations\3rdparty\3rdparty/ffmpeg/include/libavutil/bswap.rs	translated			2026-06-19T19.07.05	agent-3rdparty-batch
3rdparty\ffmpeg\include\libavutil\buffer.h	292	rust\translations\3rdparty\3rdparty/ffmpeg/include/libavutil/buffer.rs	translated			2026-06-19T19.07.05	agent-3rdparty-batch
3rdparty\ffmpeg\include\libavutil\camellia.h	60	rust\translations\3rdparty\3rdparty/ffmpeg/include/libavutil/camellia.rs	translated			2026-06-19T19.07.05	agent-3rdparty-batch
3rdparty\ffmpeg\include\libavutil\cast5.h	71	rust\translations\3rdparty\3rdparty/ffmpeg/include/libavutil/cast5.rs	translated			2026-06-19T19.07.05	agent-3rdparty-batch
3rdparty\ffmpeg\include\libavutil\channel_layout.h	707	rust\translations\3rdparty\3rdparty/ffmpeg/include/libavutil/channel_layout.rs	translated			2026-06-19T19.07.05	agent-3rdparty-batch
3rdparty\ffmpeg\include\libavutil\common.h	546	rust\translations\3rdparty\3rdparty/ffmpeg/include/libavutil/common.rs	translated			2026-06-19T19.07.05	agent-3rdparty-batch
3rdparty\ffmpeg\include\libavutil\cpu.h	133	rust\translations\3rdparty\3rdparty/ffmpeg/include/libavutil/cpu.rs	translated			2026-06-19T19.07.05	agent-3rdparty-batch
3rdparty\ffmpeg\include\libavutil\crc.h	91	rust\translations\3rdparty\3rdparty/ffmpeg/include/libavutil/crc.rs	translated			2026-06-19T19.07.05	agent-3rdparty-batch
3rdparty\ffmpeg\include\libavutil\csp.h	171	rust\translations\3rdparty\3rdparty/ffmpeg/include/libavutil/csp.rs	translated			2026-06-19T19.07.05	agent-3rdparty-batch
3rdparty\ffmpeg\include\libavutil\des.h	71	rust\translations\3rdparty\3rdparty/ffmpeg/include/libavutil/des.rs	translated			2026-06-19T19.07.05	agent-3rdparty-batch
3rdparty\ffmpeg\include\libavutil\detection_bbox.h	95	rust\translations\3rdparty\3rdparty/ffmpeg/include/libavutil/detection_bbox.rs	translated			2026-06-19T19.07.05	agent-3rdparty-batch
3rdparty\ffmpeg\include\libavutil\dict.h	221	rust\translations\3rdparty\3rdparty/ffmpeg/include/libavutil/dict.rs	translated			2026-06-19T19.07.05	agent-3rdparty-batch
3rdparty\ffmpeg\include\libavutil\display.h	100	rust\translations\3rdparty\3rdparty/ffmpeg/include/libavutil/display.rs	translated			2026-06-19T19.07.05	agent-3rdparty-batch
3rdparty\ffmpeg\include\libavutil\dovi_meta.h	354	rust\translations\3rdparty\3rdparty/ffmpeg/include/libavutil/dovi_meta.rs	translated			2026-06-19T19.07.05	agent-3rdparty-batch
3rdparty\ffmpeg\include\libavutil\downmix_info.h	99	rust\translations\3rdparty\3rdparty/ffmpeg/include/libavutil/downmix_info.rs	translated			2026-06-19T19.07.05	agent-3rdparty-batch
3rdparty\ffmpeg\include\libavutil\encryption_info.h	180	rust\translations\3rdparty\3rdparty/ffmpeg/include/libavutil/encryption_info.rs	translated			2026-06-19T19.07.05	agent-3rdparty-batch
3rdparty\ffmpeg\include\libavutil\error.h	113	rust\translations\3rdparty\3rdparty/ffmpeg/include/libavutil/error.rs	translated			2026-06-19T19.07.05	agent-3rdparty-batch
3rdparty\ffmpeg\include\libavutil\eval.h	129	rust\translations\3rdparty\3rdparty/ffmpeg/include/libavutil/eval.rs	translated			2026-06-19T19.07.05	agent-3rdparty-batch
3rdparty\ffmpeg\include\libavutil\fifo.h	218	rust\translations\3rdparty\3rdparty/ffmpeg/include/libavutil/fifo.rs	translated			2026-06-19T19.07.05	agent-3rdparty-batch
3rdparty\ffmpeg\include\libavutil\file.h	55	rust\translations\3rdparty\3rdparty/ffmpeg/include/libavutil/file.rs	translated			2026-06-19T19.07.05	agent-3rdparty-batch
3rdparty\ffmpeg\include\libavutil\film_grain_params.h	243	rust\translations\3rdparty\3rdparty/ffmpeg/include/libavutil/film_grain_params.rs	translated			2026-06-19T19.07.05	agent-3rdparty-batch
3rdparty\ffmpeg\include\libavutil\frame.h	1058	rust\translations\3rdparty\3rdparty/ffmpeg/include/libavutil/frame.rs	translated			2026-06-19T19.07.05	agent-3rdparty-batch
3rdparty\ffmpeg\include\libavutil\hash.h	244	rust\translations\3rdparty\3rdparty/ffmpeg/include/libavutil/hash.rs	translated			2026-06-19T19.07.05	agent-3rdparty-batch
3rdparty\ffmpeg\include\libavutil\hdr_dynamic_metadata.h	329	rust\translations\3rdparty\3rdparty/ffmpeg/include/libavutil/hdr_dynamic_metadata.rs	translated			2026-06-19T19.07.05	agent-3rdparty-batch
3rdparty\ffmpeg\include\libavutil\hdr_dynamic_vivid_metadata.h	252	rust\translations\3rdparty\3rdparty/ffmpeg/include/libavutil/hdr_dynamic_vivid_metadata.rs	translated			2026-06-19T19.07.05	agent-3rdparty-batch
3rdparty\ffmpeg\include\libavutil\hmac.h	86	rust\translations\3rdparty\3rdparty/ffmpeg/include/libavutil/hmac.rs	translated			2026-06-19T19.07.05	agent-3rdparty-batch
3rdparty\ffmpeg\include\libavutil\hwcontext_cuda.h	61	rust\translations\3rdparty\3rdparty/ffmpeg/include/libavutil/hwcontext_cuda.rs	translated			2026-06-19T19.07.05	agent-3rdparty-batch
3rdparty\ffmpeg\include\libavutil\hwcontext_d3d11va.h	163	rust\translations\3rdparty\3rdparty/ffmpeg/include/libavutil/hwcontext_d3d11va.rs	translated			2026-06-19T19.07.05	agent-3rdparty-batch
3rdparty\ffmpeg\include\libavutil\hwcontext_drm.h	159	rust\translations\3rdparty\3rdparty/ffmpeg/include/libavutil/hwcontext_drm.rs	translated			2026-06-19T19.07.05	agent-3rdparty-batch
3rdparty\ffmpeg\include\libavutil\hwcontext_dxva2.h	66	rust\translations\3rdparty\3rdparty/ffmpeg/include/libavutil/hwcontext_dxva2.rs	translated			2026-06-19T19.07.05	agent-3rdparty-batch
3rdparty\ffmpeg\include\libavutil\hwcontext_mediacodec.h	56	rust\translations\3rdparty\3rdparty/ffmpeg/include/libavutil/hwcontext_mediacodec.rs	translated			2026-06-19T19.07.05	agent-3rdparty-batch
3rdparty\ffmpeg\include\libavutil\hwcontext_opencl.h	92	rust\translations\3rdparty\3rdparty/ffmpeg/include/libavutil/hwcontext_opencl.rs	translated			2026-06-19T19.07.05	agent-3rdparty-batch
3rdparty\ffmpeg\include\libavutil\hwcontext_qsv.h	77	rust\translations\3rdparty\3rdparty/ffmpeg/include/libavutil/hwcontext_qsv.rs	translated			2026-06-19T19.07.05	agent-3rdparty-batch
3rdparty\ffmpeg\include\libavutil\hwcontext_vaapi.h	107	rust\translations\3rdparty\3rdparty/ffmpeg/include/libavutil/hwcontext_vaapi.rs	translated			2026-06-19T19.07.05	agent-3rdparty-batch
3rdparty\ffmpeg\include\libavutil\hwcontext_vdpau.h	38	rust\translations\3rdparty\3rdparty/ffmpeg/include/libavutil/hwcontext_vdpau.rs	translated			2026-06-19T19.07.05	agent-3rdparty-batch
3rdparty\ffmpeg\include\libavutil\hwcontext_videotoolbox.h	91	rust\translations\3rdparty\3rdparty/ffmpeg/include/libavutil/hwcontext_videotoolbox.rs	translated			2026-06-19T19.07.05	agent-3rdparty-batch
3rdparty\ffmpeg\include\libavutil\hwcontext_vulkan.h	330	rust\translations\3rdparty\3rdparty/ffmpeg/include/libavutil/hwcontext_vulkan.rs	translated			2026-06-19T19.07.05	agent-3rdparty-batch
3rdparty\ffmpeg\include\libavutil\hwcontext.h	553	rust\translations\3rdparty\3rdparty/ffmpeg/include/libavutil/hwcontext.rs	translated			2026-06-19T19.07.05	agent-3rdparty-batch
3rdparty\ffmpeg\include\libavutil\imgutils.h	352	rust\translations\3rdparty\3rdparty/ffmpeg/include/libavutil/imgutils.rs	translated			2026-06-19T19.07.05	agent-3rdparty-batch
3rdparty\ffmpeg\include\libavutil\intfloat.h	68	rust\translations\3rdparty\3rdparty/ffmpeg/include/libavutil/intfloat.rs	translated			2026-06-19T19.07.05	agent-3rdparty-batch
3rdparty\ffmpeg\include\libavutil\intreadwrite.h	572	rust\translations\3rdparty\3rdparty/ffmpeg/include/libavutil/intreadwrite.rs	translated			2026-06-19T19.07.05	agent-3rdparty-batch
3rdparty\ffmpeg\include\libavutil\lfg.h	72	rust\translations\3rdparty\3rdparty/ffmpeg/include/libavutil/lfg.rs	translated			2026-06-19T19.07.05	agent-3rdparty-batch
3rdparty\ffmpeg\include\libavutil\log.h	376	rust\translations\3rdparty\3rdparty/ffmpeg/include/libavutil/log.rs	translated			2026-06-19T19.07.05	agent-3rdparty-batch
3rdparty\ffmpeg\include\libavutil\lzo.h	58	rust\translations\3rdparty\3rdparty/ffmpeg/include/libavutil/lzo.rs	translated			2026-06-19T19.07.05	agent-3rdparty-batch
3rdparty\ffmpeg\include\libavutil\macros.h	65	rust\translations\3rdparty\3rdparty/ffmpeg/include/libavutil/macros.rs	translated			2026-06-19T19.07.05	agent-3rdparty-batch
3rdparty\ffmpeg\include\libavutil\mastering_display_metadata.h	119	rust\translations\3rdparty\3rdparty/ffmpeg/include/libavutil/mastering_display_metadata.rs	translated			2026-06-19T19.07.05	agent-3rdparty-batch
3rdparty\ffmpeg\include\libavutil\mathematics.h	282	rust\translations\3rdparty\3rdparty/ffmpeg/include/libavutil/mathematics.rs	translated			2026-06-19T19.07.05	agent-3rdparty-batch
3rdparty\ffmpeg\include\libavutil\md5.h	75	rust\translations\3rdparty\3rdparty/ffmpeg/include/libavutil/md5.rs	translated			2026-06-19T19.07.05	agent-3rdparty-batch
3rdparty\ffmpeg\include\libavutil\mem.h	566	rust\translations\3rdparty\3rdparty/ffmpeg/include/libavutil/mem.rs	translated			2026-06-19T19.07.05	agent-3rdparty-batch
3rdparty\ffmpeg\include\libavutil\motion_vector.h	53	rust\translations\3rdparty\3rdparty/ffmpeg/include/libavutil/motion_vector.rs	translated			2026-06-19T19.07.05	agent-3rdparty-batch
3rdparty\ffmpeg\include\libavutil\murmur3.h	104	rust\translations\3rdparty\3rdparty/ffmpeg/include/libavutil/murmur3.rs	translated			2026-06-19T19.07.05	agent-3rdparty-batch
3rdparty\ffmpeg\include\libavutil\opt.h	1128	rust\translations\3rdparty\3rdparty/ffmpeg/include/libavutil/opt.rs	translated			2026-06-19T19.07.05	agent-3rdparty-batch
3rdparty\ffmpeg\include\libavutil\parseutils.h	181	rust\translations\3rdparty\3rdparty/ffmpeg/include/libavutil/parseutils.rs	translated			2026-06-19T19.07.05	agent-3rdparty-batch
3rdparty\ffmpeg\include\libavutil\pixdesc.h	389	rust\translations\3rdparty\3rdparty/ffmpeg/include/libavutil/pixdesc.rs	translated			2026-06-19T19.07.05	agent-3rdparty-batch
3rdparty\ffmpeg\include\libavutil\pixelutils.h	46	rust\translations\3rdparty\3rdparty/ffmpeg/include/libavutil/pixelutils.rs	translated			2026-06-19T19.07.05	agent-3rdparty-batch
3rdparty\ffmpeg\include\libavutil\pixfmt.h	688	rust\translations\3rdparty\3rdparty/ffmpeg/include/libavutil/pixfmt.rs	translated			2026-06-19T19.07.05	agent-3rdparty-batch
3rdparty\ffmpeg\include\libavutil\random_seed.h	51	rust\translations\3rdparty\3rdparty/ffmpeg/include/libavutil/random_seed.rs	translated			2026-06-19T19.07.05	agent-3rdparty-batch
3rdparty\ffmpeg\include\libavutil\rational.h	203	rust\translations\3rdparty\3rdparty/ffmpeg/include/libavutil/rational.rs	translated			2026-06-19T19.07.05	agent-3rdparty-batch
3rdparty\ffmpeg\include\libavutil\rc4.h	60	rust\translations\3rdparty\3rdparty/ffmpeg/include/libavutil/rc4.rs	translated			2026-06-19T19.07.05	agent-3rdparty-batch
3rdparty\ffmpeg\include\libavutil\replaygain.h	46	rust\translations\3rdparty\3rdparty/ffmpeg/include/libavutil/replaygain.rs	translated			2026-06-19T19.07.05	agent-3rdparty-batch
3rdparty\ffmpeg\include\libavutil\ripemd.h	70	rust\translations\3rdparty\3rdparty/ffmpeg/include/libavutil/ripemd.rs	translated			2026-06-19T19.07.05	agent-3rdparty-batch
3rdparty\ffmpeg\include\libavutil\samplefmt.h	247	rust\translations\3rdparty\3rdparty/ffmpeg/include/libavutil/samplefmt.rs	translated			2026-06-19T19.07.05	agent-3rdparty-batch
3rdparty\ffmpeg\include\libavutil\sha.h	77	rust\translations\3rdparty\3rdparty/ffmpeg/include/libavutil/sha.rs	translated			2026-06-19T19.07.05	agent-3rdparty-batch
3rdparty\ffmpeg\include\libavutil\sha512.h	79	rust\translations\3rdparty\3rdparty/ffmpeg/include/libavutil/sha512.rs	translated			2026-06-19T19.07.05	agent-3rdparty-batch
3rdparty\ffmpeg\include\libavutil\spherical.h	229	rust\translations\3rdparty\3rdparty/ffmpeg/include/libavutil/spherical.rs	translated			2026-06-19T19.07.05	agent-3rdparty-batch
3rdparty\ffmpeg\include\libavutil\stereo3d.h	285	rust\translations\3rdparty\3rdparty/ffmpeg/include/libavutil/stereo3d.rs	translated			2026-06-19T19.07.05	agent-3rdparty-batch
3rdparty\ffmpeg\include\libavutil\tea.h	61	rust\translations\3rdparty\3rdparty/ffmpeg/include/libavutil/tea.rs	translated			2026-06-19T19.07.05	agent-3rdparty-batch
3rdparty\ffmpeg\include\libavutil\threadmessage.h	100	rust\translations\3rdparty\3rdparty/ffmpeg/include/libavutil/threadmessage.rs	translated			2026-06-19T19.07.05	agent-3rdparty-batch
3rdparty\ffmpeg\include\libavutil\time.h	49	rust\translations\3rdparty\3rdparty/ffmpeg/include/libavutil/time.rs	translated			2026-06-19T19.07.05	agent-3rdparty-batch
3rdparty\ffmpeg\include\libavutil\timecode.h	181	rust\translations\3rdparty\3rdparty/ffmpeg/include/libavutil/timecode.rs	translated			2026-06-19T19.07.05	agent-3rdparty-batch
3rdparty\ffmpeg\include\libavutil\timestamp.h	74	rust\translations\3rdparty\3rdparty/ffmpeg/include/libavutil/timestamp.rs	translated			2026-06-19T19.07.05	agent-3rdparty-batch
3rdparty\ffmpeg\include\libavutil\tree.h	124	rust\translations\3rdparty\3rdparty/ffmpeg/include/libavutil/tree.rs	translated			2026-06-19T19.07.05	agent-3rdparty-batch
3rdparty\ffmpeg\include\libavutil\twofish.h	60	rust\translations\3rdparty\3rdparty/ffmpeg/include/libavutil/twofish.rs	translated			2026-06-19T19.07.05	agent-3rdparty-batch
3rdparty\ffmpeg\include\libavutil\tx.h	189	rust\translations\3rdparty\3rdparty/ffmpeg/include/libavutil/tx.rs	translated			2026-06-19T19.07.05	agent-3rdparty-batch
3rdparty\ffmpeg\include\libavutil\uuid.h	130	rust\translations\3rdparty\3rdparty/ffmpeg/include/libavutil/uuid.rs	translated			2026-06-19T19.07.05	agent-3rdparty-batch
3rdparty\ffmpeg\include\libavutil\version.h	104	rust\translations\3rdparty\3rdparty/ffmpeg/include/libavutil/version.rs	translated			2026-06-19T19.07.05	agent-3rdparty-batch
3rdparty\ffmpeg\include\libavutil\video_enc_params.h	155	rust\translations\3rdparty\3rdparty/ffmpeg/include/libavutil/video_enc_params.rs	translated			2026-06-19T19.07.05	agent-3rdparty-batch
3rdparty\ffmpeg\include\libavutil\xtea.h	83	rust\translations\3rdparty\3rdparty/ffmpeg/include/libavutil/xtea.rs	translated			2026-06-19T19.07.05	agent-3rdparty-batch
3rdparty\ffmpeg\include\libswresample\swresample.h	544	rust\translations\3rdparty\3rdparty/ffmpeg/include/libswresample/swresample.rs	translated			2026-06-19T19.07.05	agent-3rdparty-batch
3rdparty\ffmpeg\include\libswresample\version_major.h	27	rust\translations\3rdparty\3rdparty/ffmpeg/include/libswresample/version_major.rs	translated			2026-06-19T19.07.05	agent-3rdparty-batch
3rdparty\ffmpeg\include\libswresample\version.h	38	rust\translations\3rdparty\3rdparty/ffmpeg/include/libswresample/version.rs	translated			2026-06-19T19.07.05	agent-3rdparty-batch
3rdparty\ffmpeg\include\libswscale\swscale.h	607	rust\translations\3rdparty\3rdparty/ffmpeg/include/libswscale/swscale.rs	translated			2026-06-19T19.07.05	agent-3rdparty-batch
3rdparty\ffmpeg\include\libswscale\version_major.h	30	rust\translations\3rdparty\3rdparty/ffmpeg/include/libswscale/version_major.rs	translated			2026-06-19T19.07.05	agent-3rdparty-batch
3rdparty\ffmpeg\include\libswscale\version.h	36	rust\translations\3rdparty\3rdparty/ffmpeg/include/libswscale/version.rs	translated			2026-06-19T19.07.05	agent-3rdparty-batch
3rdparty\fmt\include\fmt\args.h	188	rust\translations\3rdparty\3rdparty/fmt/include/fmt/args.rs	translated			2026-06-19T19.07.05	agent-3rdparty-batch
3rdparty\fmt\include\fmt\base.h	2629	rust\translations\3rdparty\3rdparty/fmt/include/fmt/base.rs	translated			2026-06-19T19.07.05	agent-3rdparty-batch
3rdparty\fmt\include\fmt\chrono.h	2018	rust\translations\3rdparty\3rdparty/fmt/include/fmt/chrono.rs	translated			2026-06-19T19.07.05	agent-3rdparty-batch
3rdparty\fmt\include\fmt\color.h	580	rust\translations\3rdparty\3rdparty/fmt/include/fmt/color.rs	translated			2026-06-19T19.07.05	agent-3rdparty-batch
3rdparty\fmt\include\fmt\compile.h	514	rust\translations\3rdparty\3rdparty/fmt/include/fmt/compile.rs	translated			2026-06-19T19.07.05	agent-3rdparty-batch
3rdparty\fmt\include\fmt\core.h	4	rust\translations\3rdparty\3rdparty/fmt/include/fmt/core.rs	translated			2026-06-19T19.07.05	agent-3rdparty-batch
3rdparty\fmt\include\fmt\format-inl.h	1778	rust\translations\3rdparty\3rdparty/fmt/include/fmt/format-inl.rs	translated			2026-06-19T19.07.05	agent-3rdparty-batch
3rdparty\fmt\include\fmt\format.h	3939	rust\translations\3rdparty\3rdparty/fmt/include/fmt/format.rs	translated			2026-06-19T19.07.05	agent-3rdparty-batch
3rdparty\fmt\include\fmt\os.h	348	rust\translations\3rdparty\3rdparty/fmt/include/fmt/os.rs	translated			2026-06-19T19.07.05	agent-3rdparty-batch
3rdparty\fmt\include\fmt\ostream.h	147	rust\translations\3rdparty\3rdparty/fmt/include/fmt/ostream.rs	translated			2026-06-19T19.07.05	agent-3rdparty-batch
3rdparty\fmt\include\fmt\printf.h	547	rust\translations\3rdparty\3rdparty/fmt/include/fmt/printf.rs	translated			2026-06-19T19.07.05	agent-3rdparty-batch
3rdparty\fmt\include\fmt\ranges.h	732	rust\translations\3rdparty\3rdparty/fmt/include/fmt/ranges.rs	translated			2026-06-19T19.07.05	agent-3rdparty-batch
3rdparty\fmt\include\fmt\std.h	635	rust\translations\3rdparty\3rdparty/fmt/include/fmt/std.rs	translated			2026-06-19T19.07.05	agent-3rdparty-batch
3rdparty\fmt\include\fmt\xchar.h	302	rust\translations\3rdparty\3rdparty/fmt/include/fmt/xchar.rs	translated			2026-06-19T19.07.05	agent-3rdparty-batch
3rdparty\freesurround\include\FreeSurroundDecoder.h	159	rust\translations\3rdparty\3rdparty/freesurround/include/FreeSurroundDecoder.rs	translated			2026-06-19T19.07.05	agent-3rdparty-batch
3rdparty\freesurround\include\kiss_fft.h	107	rust\translations\3rdparty\3rdparty/freesurround/include/kiss_fft.rs	translated			2026-06-19T19.07.05	agent-3rdparty-batch
3rdparty\freesurround\include\kiss_fftr.h	34	rust\translations\3rdparty\3rdparty/freesurround/include/kiss_fftr.rs	translated			2026-06-19T19.07.05	agent-3rdparty-batch
3rdparty\freesurround\src\_kiss_fft_guts.h	134	rust\translations\3rdparty\3rdparty/freesurround/src/_kiss_fft_guts.rs	translated			2026-06-19T19.07.05	agent-3rdparty-batch
3rdparty\freesurround\src\ChannelMaps.cpp	580	rust\translations\3rdparty\3rdparty/freesurround/src/ChannelMaps.rs	translated			2026-06-19T19.07.05	agent-3rdparty-batch
3rdparty\freesurround\src\FreeSurroundDecoder.cpp	287	rust\translations\3rdparty\3rdparty/freesurround/src/FreeSurroundDecoder.rs	translated			2026-06-19T19.07.05	agent-3rdparty-batch
3rdparty\freesurround\src\kiss_fft.cpp	347	rust\translations\3rdparty\3rdparty/freesurround/src/kiss_fft.rs	translated			2026-06-19T19.07.05	agent-3rdparty-batch
3rdparty\freesurround\src\kiss_fftr.cpp	134	rust\translations\3rdparty\3rdparty/freesurround/src/kiss_fftr.rs	translated			2026-06-19T19.07.05	agent-3rdparty-batch
3rdparty\glad\include\EGL\eglplatform.h	130	rust\translations\3rdparty\3rdparty/glad/include/EGL/eglplatform.rs	translated			2026-06-19T19.07.05	agent-3rdparty-batch
3rdparty\glad\include\glad\egl.h	1584	rust\translations\3rdparty\3rdparty/glad/include/glad/egl.rs	translated			2026-06-19T19.07.05	agent-3rdparty-batch
3rdparty\glad\include\glad\gl.h	15573	rust\translations\3rdparty\3rdparty/glad/include/glad/gl.rs	translated			2026-06-19T19.07.05	agent-3rdparty-batch
3rdparty\glad\include\glad\wgl.h	951	rust\translations\3rdparty\3rdparty/glad/include/glad/wgl.rs	translated			2026-06-19T19.07.05	agent-3rdparty-batch
3rdparty\glad\include\KHR\khrplatform.h	282	rust\translations\3rdparty\3rdparty/glad/include/KHR/khrplatform.rs	translated			2026-06-19T19.07.05	agent-3rdparty-batch
3rdparty\glad\src\egl.c	1011	rust\translations\3rdparty\3rdparty/glad/src/egl.rs	translated			2026-06-19T19.07.05	agent-3rdparty-batch
3rdparty\glad\src\gl.c	10200	rust\translations\3rdparty\3rdparty/glad/src/gl.rs	translated			2026-06-19T19.07.05	agent-3rdparty-batch
3rdparty\glad\src\wgl.c	548	rust\translations\3rdparty\3rdparty/glad/src/wgl.rs	translated			2026-06-19T19.07.05	agent-3rdparty-batch
3rdparty\googletest\googlemock\include\gmock\gmock-actions.h	2106	rust\translations\3rdparty\3rdparty/googletest/googlemock/include/gmock/gmock-actions.rs	translated			2026-06-19T19.07.05	agent-3rdparty-batch
3rdparty\googletest\googlemock\include\gmock\gmock-cardinalities.h	127	rust\translations\3rdparty\3rdparty/googletest/googlemock/include/gmock/gmock-cardinalities.rs	translated			2026-06-19T19.07.05	agent-3rdparty-batch
3rdparty\googletest\googlemock\include\gmock\gmock-function-mocker.h	446	rust\translations\3rdparty\3rdparty/googletest/googlemock/include/gmock/gmock-function-mocker.rs	translated			2026-06-19T19.07.05	agent-3rdparty-batch
3rdparty\googletest\googlemock\include\gmock\gmock-matchers.h	5199	rust\translations\3rdparty\3rdparty/googletest/googlemock/include/gmock/gmock-matchers.rs	translated			2026-06-19T19.07.05	agent-3rdparty-batch
3rdparty\googletest\googlemock\include\gmock\gmock-more-actions.h	629	rust\translations\3rdparty\3rdparty/googletest/googlemock/include/gmock/gmock-more-actions.rs	translated			2026-06-19T19.07.05	agent-3rdparty-batch
3rdparty\googletest\googlemock\include\gmock\gmock-more-matchers.h	101	rust\translations\3rdparty\3rdparty/googletest/googlemock/include/gmock/gmock-more-matchers.rs	translated			2026-06-19T19.07.05	agent-3rdparty-batch
3rdparty\googletest\googlemock\include\gmock\gmock-nice-strict.h	241	rust\translations\3rdparty\3rdparty/googletest/googlemock/include/gmock/gmock-nice-strict.rs	translated			2026-06-19T19.07.05	agent-3rdparty-batch
3rdparty\googletest\googlemock\include\gmock\gmock-spec-builders.h	1851	rust\translations\3rdparty\3rdparty/googletest/googlemock/include/gmock/gmock-spec-builders.rs	translated			2026-06-19T19.07.05	agent-3rdparty-batch
3rdparty\googletest\googlemock\include\gmock\gmock.h	86	rust\translations\3rdparty\3rdparty/googletest/googlemock/include/gmock/gmock.rs	translated			2026-06-19T19.07.05	agent-3rdparty-batch
3rdparty\googletest\googlemock\include\gmock\internal\custom\gmock-generated-actions.h	5	rust\translations\3rdparty\3rdparty/googletest/googlemock/include/gmock/internal/custom/gmock-generated-actions.rs	translated			2026-06-19T19.07.05	agent-3rdparty-batch
3rdparty\googletest\googlemock\include\gmock\internal\custom\gmock-matchers.h	34	rust\translations\3rdparty\3rdparty/googletest/googlemock/include/gmock/internal/custom/gmock-matchers.rs	translated			2026-06-19T19.07.05	agent-3rdparty-batch
3rdparty\googletest\googlemock\include\gmock\internal\custom\gmock-port.h	36	rust\translations\3rdparty\3rdparty/googletest/googlemock/include/gmock/internal/custom/gmock-port.rs	translated			2026-06-19T19.07.05	agent-3rdparty-batch
3rdparty\googletest\googlemock\include\gmock\internal\gmock-internal-utils.h	423	rust\translations\3rdparty\3rdparty/googletest/googlemock/include/gmock/internal/gmock-internal-utils.rs	translated			2026-06-19T19.07.05	agent-3rdparty-batch
3rdparty\googletest\googlemock\include\gmock\internal\gmock-port.h	120	rust\translations\3rdparty\3rdparty/googletest/googlemock/include/gmock/internal/gmock-port.rs	translated			2026-06-19T19.07.05	agent-3rdparty-batch
3rdparty\googletest\googlemock\include\gmock\internal\gmock-pp.h	254	rust\translations\3rdparty\3rdparty/googletest/googlemock/include/gmock/internal/gmock-pp.rs	translated			2026-06-19T19.07.05	agent-3rdparty-batch
3rdparty\googletest\googletest\include\gtest\gtest_pred_impl.h	245	rust\translations\3rdparty\3rdparty/googletest/googletest/include/gtest/gtest_pred_impl.rs	translated			2026-06-19T19.07.05	agent-3rdparty-batch
3rdparty\googletest\googletest\include\gtest\gtest_prod.h	55	rust\translations\3rdparty\3rdparty/googletest/googletest/include/gtest/gtest_prod.rs	translated			2026-06-19T19.07.05	agent-3rdparty-batch
3rdparty\googletest\googletest\include\gtest\gtest-assertion-result.h	216	rust\translations\3rdparty\3rdparty/googletest/googletest/include/gtest/gtest-assertion-result.rs	translated			2026-06-19T19.07.05	agent-3rdparty-batch
3rdparty\googletest\googletest\include\gtest\gtest-death-test.h	313	rust\translations\3rdparty\3rdparty/googletest/googletest/include/gtest/gtest-death-test.rs	translated			2026-06-19T19.07.05	agent-3rdparty-batch
3rdparty\googletest\googletest\include\gtest\gtest-matchers.h	796	rust\translations\3rdparty\3rdparty/googletest/googletest/include/gtest/gtest-matchers.rs	translated			2026-06-19T19.07.05	agent-3rdparty-batch
3rdparty\googletest\googletest\include\gtest\gtest-message.h	221	rust\translations\3rdparty\3rdparty/googletest/googletest/include/gtest/gtest-message.rs	translated			2026-06-19T19.07.05	agent-3rdparty-batch
3rdparty\googletest\googletest\include\gtest\gtest-param-test.h	559	rust\translations\3rdparty\3rdparty/googletest/googletest/include/gtest/gtest-param-test.rs	translated			2026-06-19T19.07.05	agent-3rdparty-batch
3rdparty\googletest\googletest\include\gtest\gtest-printers.h	1109	rust\translations\3rdparty\3rdparty/googletest/googletest/include/gtest/gtest-printers.rs	translated			2026-06-19T19.07.05	agent-3rdparty-batch
3rdparty\googletest\googletest\include\gtest\gtest-spi.h	224	rust\translations\3rdparty\3rdparty/googletest/googletest/include/gtest/gtest-spi.rs	translated			2026-06-19T19.07.05	agent-3rdparty-batch
3rdparty\googletest\googletest\include\gtest\gtest-test-part.h	154	rust\translations\3rdparty\3rdparty/googletest/googletest/include/gtest/gtest-test-part.rs	translated			2026-06-19T19.07.05	agent-3rdparty-batch
3rdparty\googletest\googletest\include\gtest\gtest-typed-test.h	288	rust\translations\3rdparty\3rdparty/googletest/googletest/include/gtest/gtest-typed-test.rs	translated			2026-06-19T19.07.05	agent-3rdparty-batch
3rdparty\googletest\googletest\include\gtest\gtest.h	1977	rust\translations\3rdparty\3rdparty/googletest/googletest/include/gtest/gtest.rs	translated			2026-06-19T19.07.05	agent-3rdparty-batch
3rdparty\googletest\googletest\include\gtest\internal\custom\gtest-port.h	35	rust\translations\3rdparty\3rdparty/googletest/googletest/include/gtest/internal/custom/gtest-port.rs	translated			2026-06-19T19.07.05	agent-3rdparty-batch
3rdparty\googletest\googletest\include\gtest\internal\custom\gtest-printers.h	40	rust\translations\3rdparty\3rdparty/googletest/googletest/include/gtest/internal/custom/gtest-printers.rs	translated			2026-06-19T19.07.05	agent-3rdparty-batch
3rdparty\googletest\googletest\include\gtest\internal\custom\gtest.h	35	rust\translations\3rdparty\3rdparty/googletest/googletest/include/gtest/internal/custom/gtest.rs	translated			2026-06-19T19.07.05	agent-3rdparty-batch
3rdparty\googletest\googletest\include\gtest\internal\gtest-death-test-internal.h	261	rust\translations\3rdparty\3rdparty/googletest/googletest/include/gtest/internal/gtest-death-test-internal.rs	translated			2026-06-19T19.07.05	agent-3rdparty-batch
3rdparty\googletest\googletest\include\gtest\internal\gtest-filepath.h	194	rust\translations\3rdparty\3rdparty/googletest/googletest/include/gtest/internal/gtest-filepath.rs	translated			2026-06-19T19.07.05	agent-3rdparty-batch
3rdparty\googletest\googletest\include\gtest\internal\gtest-internal.h	1299	rust\translations\3rdparty\3rdparty/googletest/googletest/include/gtest/internal/gtest-internal.rs	translated			2026-06-19T19.07.05	agent-3rdparty-batch
3rdparty\googletest\googletest\include\gtest\internal\gtest-param-util.h	923	rust\translations\3rdparty\3rdparty/googletest/googletest/include/gtest/internal/gtest-param-util.rs	translated			2026-06-19T19.07.05	agent-3rdparty-batch
3rdparty\googletest\googletest\include\gtest\internal\gtest-port-arch.h	120	rust\translations\3rdparty\3rdparty/googletest/googletest/include/gtest/internal/gtest-port-arch.rs	translated			2026-06-19T19.07.05	agent-3rdparty-batch
3rdparty\googletest\googletest\include\gtest\internal\gtest-port.h	2159	rust\translations\3rdparty\3rdparty/googletest/googletest/include/gtest/internal/gtest-port.rs	translated			2026-06-19T19.07.05	agent-3rdparty-batch
3rdparty\googletest\googletest\include\gtest\internal\gtest-string.h	150	rust\translations\3rdparty\3rdparty/googletest/googletest/include/gtest/internal/gtest-string.rs	translated			2026-06-19T19.07.05	agent-3rdparty-batch
3rdparty\googletest\googletest\include\gtest\internal\gtest-type-util.h	192	rust\translations\3rdparty\3rdparty/googletest/googletest/include/gtest/internal/gtest-type-util.rs	translated			2026-06-19T19.07.05	agent-3rdparty-batch
3rdparty\googletest\googletest\src\gtest-internal-inl.h	1020	rust\translations\3rdparty\3rdparty/googletest/googletest/src/gtest-internal-inl.rs	translated			2026-06-19T19.07.05	agent-3rdparty-batch
3rdparty\imgui\include\imconfig.h	123	rust\translations\3rdparty\3rdparty/imgui/include/imconfig.rs	translated			2026-06-19T19.07.05	agent-3rdparty-batch
3rdparty\imgui\include\imgui_freetype.h	71	rust\translations\3rdparty\3rdparty/imgui/include/imgui_freetype.rs	translated			2026-06-19T19.07.05	agent-3rdparty-batch
3rdparty\imgui\include\imgui_internal.h	3605	rust\translations\3rdparty\3rdparty/imgui/include/imgui_internal.rs	translated			2026-06-19T19.07.05	agent-3rdparty-batch
3rdparty\imgui\include\imgui_stdlib.h	28	rust\translations\3rdparty\3rdparty/imgui/include/imgui_stdlib.rs	translated			2026-06-19T19.07.05	agent-3rdparty-batch
3rdparty\imgui\include\imgui.h	3858	rust\translations\3rdparty\3rdparty/imgui/include/imgui.rs	translated			2026-06-19T19.07.05	agent-3rdparty-batch
3rdparty\imgui\include\imstb_textedit.h	1360	rust\translations\3rdparty\3rdparty/imgui/include/imstb_textedit.rs	translated			2026-06-19T19.07.05	agent-3rdparty-batch
3rdparty\imgui\src\imgui_demo.cpp	10107	rust\translations\3rdparty\3rdparty/imgui/src/imgui_demo.rs	translated			2026-06-19T19.07.05	agent-3rdparty-batch
3rdparty\imgui\src\imgui_draw.cpp	6114	rust\translations\3rdparty\3rdparty/imgui/src/imgui_draw.rs	translated			2026-06-19T19.07.05	agent-3rdparty-batch
3rdparty\imgui\src\imgui_freetype.cpp	656	rust\translations\3rdparty\3rdparty/imgui/src/imgui_freetype.rs	translated			2026-06-19T19.07.05	agent-3rdparty-batch
3rdparty\imgui\src\imgui_stdlib.cpp	84	rust\translations\3rdparty\3rdparty/imgui/src/imgui_stdlib.rs	translated			2026-06-19T19.07.05	agent-3rdparty-batch
3rdparty\imgui\src\imgui_tables.cpp	4154	rust\translations\3rdparty\3rdparty/imgui/src/imgui_tables.rs	translated			2026-06-19T19.07.05	agent-3rdparty-batch
3rdparty\imgui\src\imgui_widgets.cpp	9791	rust\translations\3rdparty\3rdparty/imgui/src/imgui_widgets.rs	translated			2026-06-19T19.07.05	agent-3rdparty-batch
3rdparty\imgui\src\imgui.cpp	16502	rust\translations\3rdparty\3rdparty/imgui/src/imgui.rs	translated			2026-06-19T19.07.05	agent-3rdparty-batch
3rdparty\imgui\src\imstb_rectpack.h	553	rust\translations\3rdparty\3rdparty/imgui/src/imstb_rectpack.rs	translated			2026-06-19T19.07.05	agent-3rdparty-batch
3rdparty\imgui\src\imstb_truetype.h	4495	rust\translations\3rdparty\3rdparty/imgui/src/imstb_truetype.rs	translated			2026-06-19T19.07.05	agent-3rdparty-batch
3rdparty\include\IconsFontAwesome.h	1433	rust\translations\3rdparty\3rdparty/include/IconsFontAwesome.rs	translated			2026-06-19T19.07.05	agent-3rdparty-batch
3rdparty\include\IconsPromptFont.h	385	rust\translations\3rdparty\3rdparty/include/IconsPromptFont.rs	translated			2026-06-19T19.07.05	agent-3rdparty-batch
3rdparty\include\Packet32.h	364	rust\translations\3rdparty\3rdparty/include/Packet32.rs	translated			2026-06-19T19.07.05	agent-3rdparty-batch
3rdparty\include\pcap-bpf.h	44	rust\translations\3rdparty\3rdparty/include/pcap-bpf.rs	translated			2026-06-19T19.07.05	agent-3rdparty-batch
3rdparty\include\pcap-namedb.h	39	rust\translations\3rdparty\3rdparty/include/pcap-namedb.rs	translated			2026-06-19T19.07.05	agent-3rdparty-batch
3rdparty\include\pcap.h	42	rust\translations\3rdparty\3rdparty/include/pcap.rs	translated			2026-06-19T19.07.05	agent-3rdparty-batch
3rdparty\include\pcap\bluetooth.h	51	rust\translations\3rdparty\3rdparty/include/pcap/bluetooth.rs	translated			2026-06-19T19.07.05	agent-3rdparty-batch
3rdparty\include\pcap\bpf.h	236	rust\translations\3rdparty\3rdparty/include/pcap/bpf.rs	translated			2026-06-19T19.07.05	agent-3rdparty-batch
3rdparty\include\pcap\can_socketcan.h	52	rust\translations\3rdparty\3rdparty/include/pcap/can_socketcan.rs	translated			2026-06-19T19.07.05	agent-3rdparty-batch
3rdparty\include\pcap\compiler-tests.h	149	rust\translations\3rdparty\3rdparty/include/pcap/compiler-tests.rs	translated			2026-06-19T19.07.05	agent-3rdparty-batch
3rdparty\include\pcap\dlt.h	1285	rust\translations\3rdparty\3rdparty/include/pcap/dlt.rs	translated			2026-06-19T19.07.05	agent-3rdparty-batch
3rdparty\include\pcap\funcattrs.h	252	rust\translations\3rdparty\3rdparty/include/pcap/funcattrs.rs	translated			2026-06-19T19.07.05	agent-3rdparty-batch
3rdparty\include\pcap\ipnet.h	41	rust\translations\3rdparty\3rdparty/include/pcap/ipnet.rs	translated			2026-06-19T19.07.05	agent-3rdparty-batch
3rdparty\include\pcap\namedb.h	76	rust\translations\3rdparty\3rdparty/include/pcap/namedb.rs	translated			2026-06-19T19.07.05	agent-3rdparty-batch
3rdparty\include\pcap\nflog.h	85	rust\translations\3rdparty\3rdparty/include/pcap/nflog.rs	translated			2026-06-19T19.07.05	agent-3rdparty-batch
3rdparty\include\pcap\pcap-inttypes.h	120	rust\translations\3rdparty\3rdparty/include/pcap/pcap-inttypes.rs	translated			2026-06-19T19.07.05	agent-3rdparty-batch
3rdparty\include\pcap\pcap.h	879	rust\translations\3rdparty\3rdparty/include/pcap/pcap.rs	translated			2026-06-19T19.07.05	agent-3rdparty-batch
3rdparty\include\pcap\sll.h	139	rust\translations\3rdparty\3rdparty/include/pcap/sll.rs	translated			2026-06-19T19.07.05	agent-3rdparty-batch
3rdparty\include\pcap\socket.h	86	rust\translations\3rdparty\3rdparty/include/pcap/socket.rs	translated			2026-06-19T19.07.05	agent-3rdparty-batch
3rdparty\include\pcap\usb.h	133	rust\translations\3rdparty\3rdparty/include/pcap/usb.rs	translated			2026-06-19T19.07.05	agent-3rdparty-batch
3rdparty\include\pcap\vlan.h	41	rust\translations\3rdparty\3rdparty/include/pcap/vlan.rs	translated			2026-06-19T19.07.05	agent-3rdparty-batch
3rdparty\include\xxhash.h	6620	rust\translations\3rdparty\3rdparty/include/xxhash.rs	translated			2026-06-19T19.07.05	agent-3rdparty-batch
3rdparty\libchdr\include\dr_libs\dr_flac.h	10444	rust\translations\3rdparty\3rdparty/libchdr/include/dr_libs/dr_flac.rs	translated			2026-06-19T19.07.05	agent-3rdparty-batch
3rdparty\libchdr\include\libchdr\bitstream.h	31	rust\translations\3rdparty\3rdparty/libchdr/include/libchdr/bitstream.rs	translated			2026-06-19T19.07.05	agent-3rdparty-batch
3rdparty\libchdr\include\libchdr\cdrom.h	83	rust\translations\3rdparty\3rdparty/libchdr/include/libchdr/cdrom.rs	translated			2026-06-19T19.07.05	agent-3rdparty-batch
3rdparty\libchdr\include\libchdr\chd.h	337	rust\translations\3rdparty\3rdparty/libchdr/include/libchdr/chd.rs	translated			2026-06-19T19.07.05	agent-3rdparty-batch
3rdparty\libchdr\include\libchdr\chdconfig.h	8	rust\translations\3rdparty\3rdparty/libchdr/include/libchdr/chdconfig.rs	translated			2026-06-19T19.07.05	agent-3rdparty-batch
3rdparty\libchdr\include\libchdr\coretypes.h	51	rust\translations\3rdparty\3rdparty/libchdr/include/libchdr/coretypes.rs	translated			2026-06-19T19.07.05	agent-3rdparty-batch
3rdparty\libchdr\include\libchdr\flac.h	39	rust\translations\3rdparty\3rdparty/libchdr/include/libchdr/flac.rs	translated			2026-06-19T19.07.05	agent-3rdparty-batch
3rdparty\libchdr\include\libchdr\huffman.h	68	rust\translations\3rdparty\3rdparty/libchdr/include/libchdr/huffman.rs	translated			2026-06-19T19.07.05	agent-3rdparty-batch
3rdparty\libchdr\src\libchdr_bitstream.c	99	rust\translations\3rdparty\3rdparty/libchdr/src/libchdr_bitstream.rs	translated			2026-06-19T19.07.05	agent-3rdparty-batch
3rdparty\libchdr\src\libchdr_cdrom.c	374	rust\translations\3rdparty\3rdparty/libchdr/src/libchdr_cdrom.rs	translated			2026-06-19T19.07.05	agent-3rdparty-batch
3rdparty\libchdr\src\libchdr_chd.c	2941	rust\translations\3rdparty\3rdparty/libchdr/src/libchdr_chd.rs	translated			2026-06-19T19.07.05	agent-3rdparty-batch
3rdparty\libchdr\src\libchdr_flac.c	258	rust\translations\3rdparty\3rdparty/libchdr/src/libchdr_flac.rs	translated			2026-06-19T19.07.05	agent-3rdparty-batch
3rdparty\libchdr\src\libchdr_huffman.c	488	rust\translations\3rdparty\3rdparty/libchdr/src/libchdr_huffman.rs	translated			2026-06-19T19.07.05	agent-3rdparty-batch
3rdparty\libzip\lib\compat.h	230	rust\translations\3rdparty\3rdparty/libzip/lib/compat.rs	translated			2026-06-19T19.07.05	agent-3rdparty-batch
3rdparty\libzip\lib\zip_add_dir.c	36	rust\translations\3rdparty\3rdparty/libzip/lib/zip_add_dir.rs	translated			2026-06-19T19.07.05	agent-3rdparty-batch
3rdparty\libzip\lib\zip_add_entry.c	51	rust\translations\3rdparty\3rdparty/libzip/lib/zip_add_entry.rs	translated			2026-06-19T19.07.05	agent-3rdparty-batch
3rdparty\libzip\lib\zip_add.c	41	rust\translations\3rdparty\3rdparty/libzip/lib/zip_add.rs	translated			2026-06-19T19.07.05	agent-3rdparty-batch
3rdparty\libzip\lib\zip_algorithm_bzip2.c	228	rust\translations\3rdparty\3rdparty/libzip/lib/zip_algorithm_bzip2.rs	translated			2026-06-19T19.07.05	agent-3rdparty-batch
3rdparty\libzip\lib\zip_algorithm_deflate.c	212	rust\translations\3rdparty\3rdparty/libzip/lib/zip_algorithm_deflate.rs	translated			2026-06-19T19.07.05	agent-3rdparty-batch
3rdparty\libzip\lib\zip_algorithm_xz.c	345	rust\translations\3rdparty\3rdparty/libzip/lib/zip_algorithm_xz.rs	translated			2026-06-19T19.07.05	agent-3rdparty-batch
3rdparty\libzip\lib\zip_algorithm_zstd.c	242	rust\translations\3rdparty\3rdparty/libzip/lib/zip_algorithm_zstd.rs	translated			2026-06-19T19.07.05	agent-3rdparty-batch
3rdparty\libzip\lib\zip_buffer.c	245	rust\translations\3rdparty\3rdparty/libzip/lib/zip_buffer.rs	translated			2026-06-19T19.07.05	agent-3rdparty-batch
3rdparty\libzip\lib\zip_close.c	664	rust\translations\3rdparty\3rdparty/libzip/lib/zip_close.rs	translated			2026-06-19T19.07.05	agent-3rdparty-batch
3rdparty\libzip\lib\zip_crypto_commoncrypto.c	84	rust\translations\3rdparty\3rdparty/libzip/lib/zip_crypto_commoncrypto.rs	translated			2026-06-19T19.07.05	agent-3rdparty-batch
3rdparty\libzip\lib\zip_crypto_commoncrypto.h	43	rust\translations\3rdparty\3rdparty/libzip/lib/zip_crypto_commoncrypto.rs	translated			2026-06-19T19.07.05	agent-3rdparty-batch
3rdparty\libzip\lib\zip_crypto_gnutls.c	108	rust\translations\3rdparty\3rdparty/libzip/lib/zip_crypto_gnutls.rs	translated			2026-06-19T19.07.05	agent-3rdparty-batch
3rdparty\libzip\lib\zip_crypto_gnutls.h	54	rust\translations\3rdparty\3rdparty/libzip/lib/zip_crypto_gnutls.rs	translated			2026-06-19T19.07.05	agent-3rdparty-batch
3rdparty\libzip\lib\zip_crypto_mbedtls.c	130	rust\translations\3rdparty\3rdparty/libzip/lib/zip_crypto_mbedtls.rs	translated			2026-06-19T19.07.05	agent-3rdparty-batch
3rdparty\libzip\lib\zip_crypto_mbedtls.h	45	rust\translations\3rdparty\3rdparty/libzip/lib/zip_crypto_mbedtls.rs	translated			2026-06-19T19.07.05	agent-3rdparty-batch
3rdparty\libzip\lib\zip_crypto_openssl.c	197	rust\translations\3rdparty\3rdparty/libzip/lib/zip_crypto_openssl.rs	translated			2026-06-19T19.07.05	agent-3rdparty-batch
3rdparty\libzip\lib\zip_crypto_openssl.h	61	rust\translations\3rdparty\3rdparty/libzip/lib/zip_crypto_openssl.rs	translated			2026-06-19T19.07.05	agent-3rdparty-batch
3rdparty\libzip\lib\zip_crypto_win.c	379	rust\translations\3rdparty\3rdparty/libzip/lib/zip_crypto_win.rs	translated			2026-06-19T19.07.05	agent-3rdparty-batch
3rdparty\libzip\lib\zip_crypto_win.h	43	rust\translations\3rdparty\3rdparty/libzip/lib/zip_crypto_win.rs	translated			2026-06-19T19.07.05	agent-3rdparty-batch
3rdparty\libzip\lib\zip_crypto.h	47	rust\translations\3rdparty\3rdparty/libzip/lib/zip_crypto.rs	translated			2026-06-19T19.07.05	agent-3rdparty-batch
3rdparty\libzip\lib\zip_delete.c	54	rust\translations\3rdparty\3rdparty/libzip/lib/zip_delete.rs	translated			2026-06-19T19.07.05	agent-3rdparty-batch
3rdparty\libzip\lib\zip_dir_add.c	74	rust\translations\3rdparty\3rdparty/libzip/lib/zip_dir_add.rs	translated			2026-06-19T19.07.05	agent-3rdparty-batch
3rdparty\libzip\lib\zip_dirent.c	1136	rust\translations\3rdparty\3rdparty/libzip/lib/zip_dirent.rs	translated			2026-06-19T19.07.05	agent-3rdparty-batch
3rdparty\libzip\lib\zip_discard.c	61	rust\translations\3rdparty\3rdparty/libzip/lib/zip_discard.rs	translated			2026-06-19T19.07.05	agent-3rdparty-batch
3rdparty\libzip\lib\zip_entry.c	43	rust\translations\3rdparty\3rdparty/libzip/lib/zip_entry.rs	translated			2026-06-19T19.07.05	agent-3rdparty-batch
3rdparty\libzip\lib\zip_error_clear.c	36	rust\translations\3rdparty\3rdparty/libzip/lib/zip_error_clear.rs	translated			2026-06-19T19.07.05	agent-3rdparty-batch
3rdparty\libzip\lib\zip_error_get_sys_type.c	38	rust\translations\3rdparty\3rdparty/libzip/lib/zip_error_get_sys_type.rs	translated			2026-06-19T19.07.05	agent-3rdparty-batch
3rdparty\libzip\lib\zip_error_get.c	43	rust\translations\3rdparty\3rdparty/libzip/lib/zip_error_get.rs	translated			2026-06-19T19.07.05	agent-3rdparty-batch
3rdparty\libzip\lib\zip_error_strerror.c	127	rust\translations\3rdparty\3rdparty/libzip/lib/zip_error_strerror.rs	translated			2026-06-19T19.07.05	agent-3rdparty-batch
3rdparty\libzip\lib\zip_error_to_str.c	45	rust\translations\3rdparty\3rdparty/libzip/lib/zip_error_to_str.rs	translated			2026-06-19T19.07.05	agent-3rdparty-batch
3rdparty\libzip\lib\zip_error.c	122	rust\translations\3rdparty\3rdparty/libzip/lib/zip_error.rs	translated			2026-06-19T19.07.05	agent-3rdparty-batch
3rdparty\libzip\lib\zip_extra_field_api.c	285	rust\translations\3rdparty\3rdparty/libzip/lib/zip_extra_field_api.rs	translated			2026-06-19T19.07.05	agent-3rdparty-batch
3rdparty\libzip\lib\zip_extra_field.c	340	rust\translations\3rdparty\3rdparty/libzip/lib/zip_extra_field.rs	translated			2026-06-19T19.07.05	agent-3rdparty-batch
3rdparty\libzip\lib\zip_fclose.c	45	rust\translations\3rdparty\3rdparty/libzip/lib/zip_fclose.rs	translated			2026-06-19T19.07.05	agent-3rdparty-batch
3rdparty\libzip\lib\zip_fdopen.c	77	rust\translations\3rdparty\3rdparty/libzip/lib/zip_fdopen.rs	translated			2026-06-19T19.07.05	agent-3rdparty-batch
3rdparty\libzip\lib\zip_file_add.c	44	rust\translations\3rdparty\3rdparty/libzip/lib/zip_file_add.rs	translated			2026-06-19T19.07.05	agent-3rdparty-batch
3rdparty\libzip\lib\zip_file_error_clear.c	36	rust\translations\3rdparty\3rdparty/libzip/lib/zip_file_error_clear.rs	translated			2026-06-19T19.07.05	agent-3rdparty-batch
3rdparty\libzip\lib\zip_file_error_get.c	35	rust\translations\3rdparty\3rdparty/libzip/lib/zip_file_error_get.rs	translated			2026-06-19T19.07.05	agent-3rdparty-batch
3rdparty\libzip\lib\zip_file_get_comment.c	44	rust\translations\3rdparty\3rdparty/libzip/lib/zip_file_get_comment.rs	translated			2026-06-19T19.07.05	agent-3rdparty-batch
3rdparty\libzip\lib\zip_file_get_external_attributes.c	41	rust\translations\3rdparty\3rdparty/libzip/lib/zip_file_get_external_attributes.rs	translated			2026-06-19T19.07.05	agent-3rdparty-batch
3rdparty\libzip\lib\zip_file_get_offset.c	95	rust\translations\3rdparty\3rdparty/libzip/lib/zip_file_get_offset.rs	translated			2026-06-19T19.07.05	agent-3rdparty-batch
3rdparty\libzip\lib\zip_file_rename.c	53	rust\translations\3rdparty\3rdparty/libzip/lib/zip_file_rename.rs	translated			2026-06-19T19.07.05	agent-3rdparty-batch
3rdparty\libzip\lib\zip_file_replace.c	88	rust\translations\3rdparty\3rdparty/libzip/lib/zip_file_replace.rs	translated			2026-06-19T19.07.05	agent-3rdparty-batch
3rdparty\libzip\lib\zip_file_set_comment.c	88	rust\translations\3rdparty\3rdparty/libzip/lib/zip_file_set_comment.rs	translated			2026-06-19T19.07.05	agent-3rdparty-batch
3rdparty\libzip\lib\zip_file_set_encryption.c	81	rust\translations\3rdparty\3rdparty/libzip/lib/zip_file_set_encryption.rs	translated			2026-06-19T19.07.05	agent-3rdparty-batch
3rdparty\libzip\lib\zip_file_set_external_attributes.c	74	rust\translations\3rdparty\3rdparty/libzip/lib/zip_file_set_external_attributes.rs	translated			2026-06-19T19.07.05	agent-3rdparty-batch
3rdparty\libzip\lib\zip_file_set_mtime.c	76	rust\translations\3rdparty\3rdparty/libzip/lib/zip_file_set_mtime.rs	translated			2026-06-19T19.07.05	agent-3rdparty-batch
3rdparty\libzip\lib\zip_file_strerror.c	34	rust\translations\3rdparty\3rdparty/libzip/lib/zip_file_strerror.rs	translated			2026-06-19T19.07.05	agent-3rdparty-batch
3rdparty\libzip\lib\zip_fopen_encrypted.c	37	rust\translations\3rdparty\3rdparty/libzip/lib/zip_fopen_encrypted.rs	translated			2026-06-19T19.07.05	agent-3rdparty-batch
3rdparty\libzip\lib\zip_fopen_index_encrypted.c	66	rust\translations\3rdparty\3rdparty/libzip/lib/zip_fopen_index_encrypted.rs	translated			2026-06-19T19.07.05	agent-3rdparty-batch
3rdparty\libzip\lib\zip_fopen_index.c	34	rust\translations\3rdparty\3rdparty/libzip/lib/zip_fopen_index.rs	translated			2026-06-19T19.07.05	agent-3rdparty-batch
3rdparty\libzip\lib\zip_fopen.c	37	rust\translations\3rdparty\3rdparty/libzip/lib/zip_fopen.rs	translated			2026-06-19T19.07.05	agent-3rdparty-batch
3rdparty\libzip\lib\zip_fread.c	52	rust\translations\3rdparty\3rdparty/libzip/lib/zip_fread.rs	translated			2026-06-19T19.07.05	agent-3rdparty-batch
3rdparty\libzip\lib\zip_fseek.c	52	rust\translations\3rdparty\3rdparty/libzip/lib/zip_fseek.rs	translated			2026-06-19T19.07.05	agent-3rdparty-batch
3rdparty\libzip\lib\zip_ftell.c	46	rust\translations\3rdparty\3rdparty/libzip/lib/zip_ftell.rs	translated			2026-06-19T19.07.05	agent-3rdparty-batch
3rdparty\libzip\lib\zip_get_archive_comment.c	46	rust\translations\3rdparty\3rdparty/libzip/lib/zip_get_archive_comment.rs	translated			2026-06-19T19.07.05	agent-3rdparty-batch
3rdparty\libzip\lib\zip_get_archive_flag.c	36	rust\translations\3rdparty\3rdparty/libzip/lib/zip_get_archive_flag.rs	translated			2026-06-19T19.07.05	agent-3rdparty-batch
3rdparty\libzip\lib\zip_get_encryption_implementation.c	52	rust\translations\3rdparty\3rdparty/libzip/lib/zip_get_encryption_implementation.rs	translated			2026-06-19T19.07.05	agent-3rdparty-batch
3rdparty\libzip\lib\zip_get_file_comment.c	41	rust\translations\3rdparty\3rdparty/libzip/lib/zip_get_file_comment.rs	translated			2026-06-19T19.07.05	agent-3rdparty-batch
3rdparty\libzip\lib\zip_get_name.c	45	rust\translations\3rdparty\3rdparty/libzip/lib/zip_get_name.rs	translated			2026-06-19T19.07.05	agent-3rdparty-batch
3rdparty\libzip\lib\zip_get_num_entries.c	43	rust\translations\3rdparty\3rdparty/libzip/lib/zip_get_num_entries.rs	translated			2026-06-19T19.07.05	agent-3rdparty-batch
3rdparty\libzip\lib\zip_get_num_files.c	42	rust\translations\3rdparty\3rdparty/libzip/lib/zip_get_num_files.rs	translated			2026-06-19T19.07.05	agent-3rdparty-batch
3rdparty\libzip\lib\zip_hash.c	336	rust\translations\3rdparty\3rdparty/libzip/lib/zip_hash.rs	translated			2026-06-19T19.07.05	agent-3rdparty-batch
3rdparty\libzip\lib\zip_io_util.c	118	rust\translations\3rdparty\3rdparty/libzip/lib/zip_io_util.rs	translated			2026-06-19T19.07.05	agent-3rdparty-batch
3rdparty\libzip\lib\zip_libzip_version.c	34	rust\translations\3rdparty\3rdparty/libzip/lib/zip_libzip_version.rs	translated			2026-06-19T19.07.05	agent-3rdparty-batch
3rdparty\libzip\lib\zip_memdup.c	45	rust\translations\3rdparty\3rdparty/libzip/lib/zip_memdup.rs	translated			2026-06-19T19.07.05	agent-3rdparty-batch
3rdparty\libzip\lib\zip_name_locate.c	95	rust\translations\3rdparty\3rdparty/libzip/lib/zip_name_locate.rs	translated			2026-06-19T19.07.05	agent-3rdparty-batch
3rdparty\libzip\lib\zip_new.c	61	rust\translations\3rdparty\3rdparty/libzip/lib/zip_new.rs	translated			2026-06-19T19.07.05	agent-3rdparty-batch
3rdparty\libzip\lib\zip_open.c	852	rust\translations\3rdparty\3rdparty/libzip/lib/zip_open.rs	translated			2026-06-19T19.07.05	agent-3rdparty-batch
3rdparty\libzip\lib\zip_pkware.c	90	rust\translations\3rdparty\3rdparty/libzip/lib/zip_pkware.rs	translated			2026-06-19T19.07.05	agent-3rdparty-batch
3rdparty\libzip\lib\zip_progress.c	227	rust\translations\3rdparty\3rdparty/libzip/lib/zip_progress.rs	translated			2026-06-19T19.07.05	agent-3rdparty-batch
3rdparty\libzip\lib\zip_random_unix.c	87	rust\translations\3rdparty\3rdparty/libzip/lib/zip_random_unix.rs	translated			2026-06-19T19.07.05	agent-3rdparty-batch
3rdparty\libzip\lib\zip_random_uwp.c	67	rust\translations\3rdparty\3rdparty/libzip/lib/zip_random_uwp.rs	translated			2026-06-19T19.07.05	agent-3rdparty-batch
3rdparty\libzip\lib\zip_random_win32.c	67	rust\translations\3rdparty\3rdparty/libzip/lib/zip_random_win32.rs	translated			2026-06-19T19.07.05	agent-3rdparty-batch
3rdparty\libzip\lib\zip_realloc.c	50	rust\translations\3rdparty\3rdparty/libzip/lib/zip_realloc.rs	translated			2026-06-19T19.07.05	agent-3rdparty-batch
3rdparty\libzip\lib\zip_rename.c	35	rust\translations\3rdparty\3rdparty/libzip/lib/zip_rename.rs	translated			2026-06-19T19.07.05	agent-3rdparty-batch
3rdparty\libzip\lib\zip_replace.c	35	rust\translations\3rdparty\3rdparty/libzip/lib/zip_replace.rs	translated			2026-06-19T19.07.05	agent-3rdparty-batch
3rdparty\libzip\lib\zip_set_archive_comment.c	69	rust\translations\3rdparty\3rdparty/libzip/lib/zip_set_archive_comment.rs	translated			2026-06-19T19.07.05	agent-3rdparty-batch
3rdparty\libzip\lib\zip_set_archive_flag.c	61	rust\translations\3rdparty\3rdparty/libzip/lib/zip_set_archive_flag.rs	translated			2026-06-19T19.07.05	agent-3rdparty-batch
3rdparty\libzip\lib\zip_set_default_password.c	47	rust\translations\3rdparty\3rdparty/libzip/lib/zip_set_default_password.rs	translated			2026-06-19T19.07.05	agent-3rdparty-batch
3rdparty\libzip\lib\zip_set_file_comment.c	39	rust\translations\3rdparty\3rdparty/libzip/lib/zip_set_file_comment.rs	translated			2026-06-19T19.07.05	agent-3rdparty-batch
3rdparty\libzip\lib\zip_set_file_compression.c	65	rust\translations\3rdparty\3rdparty/libzip/lib/zip_set_file_compression.rs	translated			2026-06-19T19.07.05	agent-3rdparty-batch
3rdparty\libzip\lib\zip_set_name.c	135	rust\translations\3rdparty\3rdparty/libzip/lib/zip_set_name.rs	translated			2026-06-19T19.07.05	agent-3rdparty-batch
3rdparty\libzip\lib\zip_source_accept_empty.c	42	rust\translations\3rdparty\3rdparty/libzip/lib/zip_source_accept_empty.rs	translated			2026-06-19T19.07.05	agent-3rdparty-batch
3rdparty\libzip\lib\zip_source_begin_write_cloning.c	46	rust\translations\3rdparty\3rdparty/libzip/lib/zip_source_begin_write_cloning.rs	translated			2026-06-19T19.07.05	agent-3rdparty-batch
3rdparty\libzip\lib\zip_source_begin_write.c	46	rust\translations\3rdparty\3rdparty/libzip/lib/zip_source_begin_write.rs	translated			2026-06-19T19.07.05	agent-3rdparty-batch
3rdparty\libzip\lib\zip_source_buffer.c	505	rust\translations\3rdparty\3rdparty/libzip/lib/zip_source_buffer.rs	translated			2026-06-19T19.07.05	agent-3rdparty-batch
3rdparty\libzip\lib\zip_source_call.c	56	rust\translations\3rdparty\3rdparty/libzip/lib/zip_source_call.rs	translated			2026-06-19T19.07.05	agent-3rdparty-batch
3rdparty\libzip\lib\zip_source_close.c	47	rust\translations\3rdparty\3rdparty/libzip/lib/zip_source_close.rs	translated			2026-06-19T19.07.05	agent-3rdparty-batch
3rdparty\libzip\lib\zip_source_commit_write.c	56	rust\translations\3rdparty\3rdparty/libzip/lib/zip_source_commit_write.rs	translated			2026-06-19T19.07.05	agent-3rdparty-batch
3rdparty\libzip\lib\zip_source_compress.c	336	rust\translations\3rdparty\3rdparty/libzip/lib/zip_source_compress.rs	translated			2026-06-19T19.07.05	agent-3rdparty-batch
3rdparty\libzip\lib\zip_source_crc.c	163	rust\translations\3rdparty\3rdparty/libzip/lib/zip_source_crc.rs	translated			2026-06-19T19.07.05	agent-3rdparty-batch
3rdparty\libzip\lib\zip_source_error.c	38	rust\translations\3rdparty\3rdparty/libzip/lib/zip_source_error.rs	translated			2026-06-19T19.07.05	agent-3rdparty-batch
3rdparty\libzip\lib\zip_source_file_common.c	322	rust\translations\3rdparty\3rdparty/libzip/lib/zip_source_file_common.rs	translated			2026-06-19T19.07.05	agent-3rdparty-batch
3rdparty\libzip\lib\zip_source_file_stdio_named.c	350	rust\translations\3rdparty\3rdparty/libzip/lib/zip_source_file_stdio_named.rs	translated			2026-06-19T19.07.05	agent-3rdparty-batch
3rdparty\libzip\lib\zip_source_file_stdio.c	143	rust\translations\3rdparty\3rdparty/libzip/lib/zip_source_file_stdio.rs	translated			2026-06-19T19.07.05	agent-3rdparty-batch
3rdparty\libzip\lib\zip_source_file_stdio.h	38	rust\translations\3rdparty\3rdparty/libzip/lib/zip_source_file_stdio.rs	translated			2026-06-19T19.07.05	agent-3rdparty-batch
3rdparty\libzip\lib\zip_source_file_win32_ansi.c	111	rust\translations\3rdparty\3rdparty/libzip/lib/zip_source_file_win32_ansi.rs	translated			2026-06-19T19.07.05	agent-3rdparty-batch
3rdparty\libzip\lib\zip_source_file_win32_named.c	227	rust\translations\3rdparty\3rdparty/libzip/lib/zip_source_file_win32_named.rs	translated			2026-06-19T19.07.05	agent-3rdparty-batch
3rdparty\libzip\lib\zip_source_file_win32_utf16.c	125	rust\translations\3rdparty\3rdparty/libzip/lib/zip_source_file_win32_utf16.rs	translated			2026-06-19T19.07.05	agent-3rdparty-batch
3rdparty\libzip\lib\zip_source_file_win32_utf8.c	61	rust\translations\3rdparty\3rdparty/libzip/lib/zip_source_file_win32_utf8.rs	translated			2026-06-19T19.07.05	agent-3rdparty-batch
3rdparty\libzip\lib\zip_source_file_win32.c	187	rust\translations\3rdparty\3rdparty/libzip/lib/zip_source_file_win32.rs	translated			2026-06-19T19.07.05	agent-3rdparty-batch
3rdparty\libzip\lib\zip_source_file_win32.h	61	rust\translations\3rdparty\3rdparty/libzip/lib/zip_source_file_win32.rs	translated			2026-06-19T19.07.05	agent-3rdparty-batch
3rdparty\libzip\lib\zip_source_file.h	80	rust\translations\3rdparty\3rdparty/libzip/lib/zip_source_file.rs	translated			2026-06-19T19.07.05	agent-3rdparty-batch
3rdparty\libzip\lib\zip_source_free.c	57	rust\translations\3rdparty\3rdparty/libzip/lib/zip_source_free.rs	translated			2026-06-19T19.07.05	agent-3rdparty-batch
3rdparty\libzip\lib\zip_source_function.c	77	rust\translations\3rdparty\3rdparty/libzip/lib/zip_source_function.rs	translated			2026-06-19T19.07.05	agent-3rdparty-batch
3rdparty\libzip\lib\zip_source_get_dostime.c	63	rust\translations\3rdparty\3rdparty/libzip/lib/zip_source_get_dostime.rs	translated			2026-06-19T19.07.05	agent-3rdparty-batch
3rdparty\libzip\lib\zip_source_get_file_attributes.c	93	rust\translations\3rdparty\3rdparty/libzip/lib/zip_source_get_file_attributes.rs	translated			2026-06-19T19.07.05	agent-3rdparty-batch
3rdparty\libzip\lib\zip_source_is_deleted.c	34	rust\translations\3rdparty\3rdparty/libzip/lib/zip_source_is_deleted.rs	translated			2026-06-19T19.07.05	agent-3rdparty-batch
3rdparty\libzip\lib\zip_source_layered.c	59	rust\translations\3rdparty\3rdparty/libzip/lib/zip_source_layered.rs	translated			2026-06-19T19.07.05	agent-3rdparty-batch
3rdparty\libzip\lib\zip_source_open.c	66	rust\translations\3rdparty\3rdparty/libzip/lib/zip_source_open.rs	translated			2026-06-19T19.07.05	agent-3rdparty-batch
3rdparty\libzip\lib\zip_source_pass_to_lower_layer.c	68	rust\translations\3rdparty\3rdparty/libzip/lib/zip_source_pass_to_lower_layer.rs	translated			2026-06-19T19.07.05	agent-3rdparty-batch
3rdparty\libzip\lib\zip_source_pkware_decode.c	170	rust\translations\3rdparty\3rdparty/libzip/lib/zip_source_pkware_decode.rs	translated			2026-06-19T19.07.05	agent-3rdparty-batch
3rdparty\libzip\lib\zip_source_pkware_encode.c	208	rust\translations\3rdparty\3rdparty/libzip/lib/zip_source_pkware_encode.rs	translated			2026-06-19T19.07.05	agent-3rdparty-batch
3rdparty\libzip\lib\zip_source_read.c	79	rust\translations\3rdparty\3rdparty/libzip/lib/zip_source_read.rs	translated			2026-06-19T19.07.05	agent-3rdparty-batch
3rdparty\libzip\lib\zip_source_remove.c	53	rust\translations\3rdparty\3rdparty/libzip/lib/zip_source_remove.rs	translated			2026-06-19T19.07.05	agent-3rdparty-batch
3rdparty\libzip\lib\zip_source_rollback_write.c	41	rust\translations\3rdparty\3rdparty/libzip/lib/zip_source_rollback_write.rs	translated			2026-06-19T19.07.05	agent-3rdparty-batch
3rdparty\libzip\lib\zip_source_seek_write.c	45	rust\translations\3rdparty\3rdparty/libzip/lib/zip_source_seek_write.rs	translated			2026-06-19T19.07.05	agent-3rdparty-batch
3rdparty\libzip\lib\zip_source_seek.c	75	rust\translations\3rdparty\3rdparty/libzip/lib/zip_source_seek.rs	translated			2026-06-19T19.07.05	agent-3rdparty-batch
3rdparty\libzip\lib\zip_source_stat.c	54	rust\translations\3rdparty\3rdparty/libzip/lib/zip_source_stat.rs	translated			2026-06-19T19.07.05	agent-3rdparty-batch
3rdparty\libzip\lib\zip_source_supports.c	58	rust\translations\3rdparty\3rdparty/libzip/lib/zip_source_supports.rs	translated			2026-06-19T19.07.05	agent-3rdparty-batch
3rdparty\libzip\lib\zip_source_tell_write.c	42	rust\translations\3rdparty\3rdparty/libzip/lib/zip_source_tell_write.rs	translated			2026-06-19T19.07.05	agent-3rdparty-batch
3rdparty\libzip\lib\zip_source_tell.c	48	rust\translations\3rdparty\3rdparty/libzip/lib/zip_source_tell.rs	translated			2026-06-19T19.07.05	agent-3rdparty-batch
3rdparty\libzip\lib\zip_source_window.c	307	rust\translations\3rdparty\3rdparty/libzip/lib/zip_source_window.rs	translated			2026-06-19T19.07.05	agent-3rdparty-batch
3rdparty\libzip\lib\zip_source_winzip_aes_decode.c	206	rust\translations\3rdparty\3rdparty/libzip/lib/zip_source_winzip_aes_decode.rs	translated			2026-06-19T19.07.05	agent-3rdparty-batch
3rdparty\libzip\lib\zip_source_winzip_aes_encode.c	198	rust\translations\3rdparty\3rdparty/libzip/lib/zip_source_winzip_aes_encode.rs	translated			2026-06-19T19.07.05	agent-3rdparty-batch
3rdparty\libzip\lib\zip_source_write.c	38	rust\translations\3rdparty\3rdparty/libzip/lib/zip_source_write.rs	translated			2026-06-19T19.07.05	agent-3rdparty-batch
3rdparty\libzip\lib\zip_source_zip_new.c	274	rust\translations\3rdparty\3rdparty/libzip/lib/zip_source_zip_new.rs	translated			2026-06-19T19.07.05	agent-3rdparty-batch
3rdparty\libzip\lib\zip_source_zip.c	53	rust\translations\3rdparty\3rdparty/libzip/lib/zip_source_zip.rs	translated			2026-06-19T19.07.05	agent-3rdparty-batch
3rdparty\libzip\lib\zip_stat_index.c	96	rust\translations\3rdparty\3rdparty/libzip/lib/zip_stat_index.rs	translated			2026-06-19T19.07.05	agent-3rdparty-batch
3rdparty\libzip\lib\zip_stat_init.c	73	rust\translations\3rdparty\3rdparty/libzip/lib/zip_stat_init.rs	translated			2026-06-19T19.07.05	agent-3rdparty-batch
3rdparty\libzip\lib\zip_stat.c	37	rust\translations\3rdparty\3rdparty/libzip/lib/zip_stat.rs	translated			2026-06-19T19.07.05	agent-3rdparty-batch
3rdparty\libzip\lib\zip_strerror.c	34	rust\translations\3rdparty\3rdparty/libzip/lib/zip_strerror.rs	translated			2026-06-19T19.07.05	agent-3rdparty-batch
3rdparty\libzip\lib\zip_string.c	152	rust\translations\3rdparty\3rdparty/libzip/lib/zip_string.rs	translated			2026-06-19T19.07.05	agent-3rdparty-batch
3rdparty\libzip\lib\zip_unchange_all.c	43	rust\translations\3rdparty\3rdparty/libzip/lib/zip_unchange_all.rs	translated			2026-06-19T19.07.05	agent-3rdparty-batch
3rdparty\libzip\lib\zip_unchange_archive.c	41	rust\translations\3rdparty\3rdparty/libzip/lib/zip_unchange_archive.rs	translated			2026-06-19T19.07.05	agent-3rdparty-batch
3rdparty\libzip\lib\zip_unchange_data.c	45	rust\translations\3rdparty\3rdparty/libzip/lib/zip_unchange_data.rs	translated			2026-06-19T19.07.05	agent-3rdparty-batch
3rdparty\libzip\lib\zip_unchange.c	79	rust\translations\3rdparty\3rdparty/libzip/lib/zip_unchange.rs	translated			2026-06-19T19.07.05	agent-3rdparty-batch
3rdparty\libzip\lib\zip_utf-8.c	234	rust\translations\3rdparty\3rdparty/libzip/lib/zip_utf-8.rs	translated			2026-06-19T19.07.05	agent-3rdparty-batch
3rdparty\libzip\lib\zip_winzip_aes.c	130	rust\translations\3rdparty\3rdparty/libzip/lib/zip_winzip_aes.rs	translated			2026-06-19T19.07.05	agent-3rdparty-batch
3rdparty\libzip\lib\zip.h	466	rust\translations\3rdparty\3rdparty/libzip/lib/zip.rs	translated			2026-06-19T19.07.05	agent-3rdparty-batch
3rdparty\libzip\lib\zipint.h	551	rust\translations\3rdparty\3rdparty/libzip/lib/zipint.rs	translated			2026-06-19T19.07.05	agent-3rdparty-batch
3rdparty\libzip\msvc\config.h	69	rust\translations\3rdparty\3rdparty/libzip/msvc/config.rs	translated			2026-06-19T19.07.05	agent-3rdparty-batch
3rdparty\libzip\msvc\zip_err_str.c	72	rust\translations\3rdparty\3rdparty/libzip/msvc/zip_err_str.rs	translated			2026-06-19T19.07.05	agent-3rdparty-batch
3rdparty\libzip\msvc\zipconf.h	39	rust\translations\3rdparty\3rdparty/libzip/msvc/zipconf.rs	translated			2026-06-19T19.07.05	agent-3rdparty-batch
3rdparty\lzma\include\7z.h	156	rust\translations\3rdparty\3rdparty/lzma/include/7z.rs	translated			2026-06-19T19.07.05	agent-3rdparty-batch
3rdparty\lzma\include\7zAlloc.h	12	rust\translations\3rdparty\3rdparty/lzma/include/7zAlloc.rs	translated			2026-06-19T19.07.05	agent-3rdparty-batch
3rdparty\lzma\include\7zBuf.h	26	rust\translations\3rdparty\3rdparty/lzma/include/7zBuf.rs	translated			2026-06-19T19.07.05	agent-3rdparty-batch
3rdparty\lzma\include\7zCrc.h	18	rust\translations\3rdparty\3rdparty/lzma/include/7zCrc.rs	translated			2026-06-19T19.07.05	agent-3rdparty-batch
3rdparty\lzma\include\7zFile.h	67	rust\translations\3rdparty\3rdparty/lzma/include/7zFile.rs	translated			2026-06-19T19.07.05	agent-3rdparty-batch
3rdparty\lzma\include\7zTypes.h	452	rust\translations\3rdparty\3rdparty/lzma/include/7zTypes.rs	translated			2026-06-19T19.07.05	agent-3rdparty-batch
3rdparty\lzma\include\7zVersion.h	23	rust\translations\3rdparty\3rdparty/lzma/include/7zVersion.rs	translated			2026-06-19T19.07.05	agent-3rdparty-batch
3rdparty\lzma\include\7zWindows.h	81	rust\translations\3rdparty\3rdparty/lzma/include/7zWindows.rs	translated			2026-06-19T19.07.05	agent-3rdparty-batch
3rdparty\lzma\include\Aes.h	42	rust\translations\3rdparty\3rdparty/lzma/include/Aes.rs	translated			2026-06-19T19.07.05	agent-3rdparty-batch
3rdparty\lzma\include\Alloc.h	59	rust\translations\3rdparty\3rdparty/lzma/include/Alloc.rs	translated			2026-06-19T19.07.05	agent-3rdparty-batch
3rdparty\lzma\include\Bcj2.h	280	rust\translations\3rdparty\3rdparty/lzma/include/Bcj2.rs	translated			2026-06-19T19.07.05	agent-3rdparty-batch
3rdparty\lzma\include\Bra.h	87	rust\translations\3rdparty\3rdparty/lzma/include/Bra.rs	translated			2026-06-19T19.07.05	agent-3rdparty-batch
3rdparty\lzma\include\Compiler.h	208	rust\translations\3rdparty\3rdparty/lzma/include/Compiler.rs	translated			2026-06-19T19.07.05	agent-3rdparty-batch
3rdparty\lzma\include\CpuArch.h	573	rust\translations\3rdparty\3rdparty/lzma/include/CpuArch.rs	translated			2026-06-19T19.07.05	agent-3rdparty-batch
3rdparty\lzma\include\Delta.h	12	rust\translations\3rdparty\3rdparty/lzma/include/Delta.rs	translated			2026-06-19T19.07.05	agent-3rdparty-batch
3rdparty\lzma\include\DllSecur.h	12	rust\translations\3rdparty\3rdparty/lzma/include/DllSecur.rs	translated			2026-06-19T19.07.05	agent-3rdparty-batch
3rdparty\lzma\include\LzFind.h	126	rust\translations\3rdparty\3rdparty/lzma/include/LzFind.rs	translated			2026-06-19T19.07.05	agent-3rdparty-batch
3rdparty\lzma\include\LzFindMt.h	89	rust\translations\3rdparty\3rdparty/lzma/include/LzFindMt.rs	translated			2026-06-19T19.07.05	agent-3rdparty-batch
3rdparty\lzma\include\LzHash.h	27	rust\translations\3rdparty\3rdparty/lzma/include/LzHash.rs	translated			2026-06-19T19.07.05	agent-3rdparty-batch
3rdparty\lzma\include\Lzma2Dec.h	95	rust\translations\3rdparty\3rdparty/lzma/include/Lzma2Dec.rs	translated			2026-06-19T19.07.05	agent-3rdparty-batch
3rdparty\lzma\include\Lzma2DecMt.h	62	rust\translations\3rdparty\3rdparty/lzma/include/Lzma2DecMt.rs	translated			2026-06-19T19.07.05	agent-3rdparty-batch
3rdparty\lzma\include\Lzma2Enc.h	46	rust\translations\3rdparty\3rdparty/lzma/include/Lzma2Enc.rs	translated			2026-06-19T19.07.05	agent-3rdparty-batch
3rdparty\lzma\include\Lzma86.h	90	rust\translations\3rdparty\3rdparty/lzma/include/Lzma86.rs	translated			2026-06-19T19.07.05	agent-3rdparty-batch
3rdparty\lzma\include\LzmaDec.h	183	rust\translations\3rdparty\3rdparty/lzma/include/LzmaDec.rs	translated			2026-06-19T19.07.05	agent-3rdparty-batch
3rdparty\lzma\include\LzmaEnc.h	64	rust\translations\3rdparty\3rdparty/lzma/include/LzmaEnc.rs	translated			2026-06-19T19.07.05	agent-3rdparty-batch
3rdparty\lzma\include\LzmaLib.h	114	rust\translations\3rdparty\3rdparty/lzma/include/LzmaLib.rs	translated			2026-06-19T19.07.05	agent-3rdparty-batch
3rdparty\lzma\include\MtCoder.h	103	rust\translations\3rdparty\3rdparty/lzma/include/MtCoder.rs	translated			2026-06-19T19.07.05	agent-3rdparty-batch
3rdparty\lzma\include\MtDec.h	154	rust\translations\3rdparty\3rdparty/lzma/include/MtDec.rs	translated			2026-06-19T19.07.05	agent-3rdparty-batch
3rdparty\lzma\include\Ppmd.h	129	rust\translations\3rdparty\3rdparty/lzma/include/Ppmd.rs	translated			2026-06-19T19.07.05	agent-3rdparty-batch
3rdparty\lzma\include\Ppmd7.h	133	rust\translations\3rdparty\3rdparty/lzma/include/Ppmd7.rs	translated			2026-06-19T19.07.05	agent-3rdparty-batch
3rdparty\lzma\include\Precomp.h	104	rust\translations\3rdparty\3rdparty/lzma/include/Precomp.rs	translated			2026-06-19T19.07.05	agent-3rdparty-batch
3rdparty\lzma\include\RotateDefs.h	39	rust\translations\3rdparty\3rdparty/lzma/include/RotateDefs.rs	translated			2026-06-19T19.07.05	agent-3rdparty-batch
3rdparty\lzma\include\Sha256.h	61	rust\translations\3rdparty\3rdparty/lzma/include/Sha256.rs	translated			2026-06-19T19.07.05	agent-3rdparty-batch
3rdparty\lzma\include\Sort.h	9	rust\translations\3rdparty\3rdparty/lzma/include/Sort.rs	translated			2026-06-19T19.07.05	agent-3rdparty-batch
3rdparty\lzma\include\SwapBytes.h	11	rust\translations\3rdparty\3rdparty/lzma/include/SwapBytes.rs	translated			2026-06-19T19.07.05	agent-3rdparty-batch
3rdparty\lzma\include\Threads.h	197	rust\translations\3rdparty\3rdparty/lzma/include/Threads.rs	translated			2026-06-19T19.07.05	agent-3rdparty-batch
3rdparty\lzma\include\Xz.h	431	rust\translations\3rdparty\3rdparty/lzma/include/Xz.rs	translated			2026-06-19T19.07.05	agent-3rdparty-batch
3rdparty\lzma\include\XzCrc64.h	16	rust\translations\3rdparty\3rdparty/lzma/include/XzCrc64.rs	translated			2026-06-19T19.07.05	agent-3rdparty-batch
3rdparty\lzma\include\XzEnc.h	44	rust\translations\3rdparty\3rdparty/lzma/include/XzEnc.rs	translated			2026-06-19T19.07.05	agent-3rdparty-batch
3rdparty\lzma\src\7zAlloc.c	77	rust\translations\3rdparty\3rdparty/lzma/src/7zAlloc.rs	translated			2026-06-19T19.07.05	agent-3rdparty-batch
3rdparty\lzma\src\7zArcIn.c	1624	rust\translations\3rdparty\3rdparty/lzma/src/7zArcIn.rs	translated			2026-06-19T19.07.05	agent-3rdparty-batch
3rdparty\lzma\src\7zBuf.c	31	rust\translations\3rdparty\3rdparty/lzma/src/7zBuf.rs	translated			2026-06-19T19.07.05	agent-3rdparty-batch
3rdparty\lzma\src\7zBuf2.c	45	rust\translations\3rdparty\3rdparty/lzma/src/7zBuf2.rs	translated			2026-06-19T19.07.05	agent-3rdparty-batch
3rdparty\lzma\src\7zCrc.c	359	rust\translations\3rdparty\3rdparty/lzma/src/7zCrc.rs	translated			2026-06-19T19.07.05	agent-3rdparty-batch
3rdparty\lzma\src\7zCrcOpt.c	170	rust\translations\3rdparty\3rdparty/lzma/src/7zCrcOpt.rs	translated			2026-06-19T19.07.05	agent-3rdparty-batch
3rdparty\lzma\src\7zDec.c	603	rust\translations\3rdparty\3rdparty/lzma/src/7zDec.rs	translated			2026-06-19T19.07.05	agent-3rdparty-batch
3rdparty\lzma\src\7zFile.c	377	rust\translations\3rdparty\3rdparty/lzma/src/7zFile.rs	translated			2026-06-19T19.07.05	agent-3rdparty-batch
3rdparty\lzma\src\7zStream.c	169	rust\translations\3rdparty\3rdparty/lzma/src/7zStream.rs	translated			2026-06-19T19.07.05	agent-3rdparty-batch
3rdparty\lzma\src\Aes.c	381	rust\translations\3rdparty\3rdparty/lzma/src/Aes.rs	translated			2026-06-19T19.07.05	agent-3rdparty-batch
3rdparty\lzma\src\AesOpt.c	870	rust\translations\3rdparty\3rdparty/lzma/src/AesOpt.rs	translated			2026-06-19T19.07.05	agent-3rdparty-batch
3rdparty\lzma\src\Alloc.c	663	rust\translations\3rdparty\3rdparty/lzma/src/Alloc.rs	translated			2026-06-19T19.07.05	agent-3rdparty-batch
3rdparty\lzma\src\Bcj2.c	278	rust\translations\3rdparty\3rdparty/lzma/src/Bcj2.rs	translated			2026-06-19T19.07.05	agent-3rdparty-batch
3rdparty\lzma\src\Bcj2Enc.c	484	rust\translations\3rdparty\3rdparty/lzma/src/Bcj2Enc.rs	translated			2026-06-19T19.07.05	agent-3rdparty-batch
3rdparty\lzma\src\Bra.c	666	rust\translations\3rdparty\3rdparty/lzma/src/Bra.rs	translated			2026-06-19T19.07.05	agent-3rdparty-batch
3rdparty\lzma\src\Bra86.c	171	rust\translations\3rdparty\3rdparty/lzma/src/Bra86.rs	translated			2026-06-19T19.07.05	agent-3rdparty-batch
3rdparty\lzma\src\BraIA64.c	10	rust\translations\3rdparty\3rdparty/lzma/src/BraIA64.rs	translated			2026-06-19T19.07.05	agent-3rdparty-batch
3rdparty\lzma\src\CpuArch.c	843	rust\translations\3rdparty\3rdparty/lzma/src/CpuArch.rs	translated			2026-06-19T19.07.05	agent-3rdparty-batch
3rdparty\lzma\src\Delta.c	154	rust\translations\3rdparty\3rdparty/lzma/src/Delta.rs	translated			2026-06-19T19.07.05	agent-3rdparty-batch
3rdparty\lzma\src\DllSecur.c	82	rust\translations\3rdparty\3rdparty/lzma/src/DllSecur.rs	translated			2026-06-19T19.07.05	agent-3rdparty-batch
3rdparty\lzma\src\LzFind.c	1509	rust\translations\3rdparty\3rdparty/lzma/src/LzFind.rs	translated			2026-06-19T19.07.05	agent-3rdparty-batch
3rdparty\lzma\src\LzFindMt.c	1222	rust\translations\3rdparty\3rdparty/lzma/src/LzFindMt.rs	translated			2026-06-19T19.07.05	agent-3rdparty-batch
3rdparty\lzma\src\LzFindOpt.c	509	rust\translations\3rdparty\3rdparty/lzma/src/LzFindOpt.rs	translated			2026-06-19T19.07.05	agent-3rdparty-batch
3rdparty\lzma\src\Lzma2Dec.c	432	rust\translations\3rdparty\3rdparty/lzma/src/Lzma2Dec.rs	translated			2026-06-19T19.07.05	agent-3rdparty-batch
3rdparty\lzma\src\Lzma2DecMt.c	895	rust\translations\3rdparty\3rdparty/lzma/src/Lzma2DecMt.rs	translated			2026-06-19T19.07.05	agent-3rdparty-batch
3rdparty\lzma\src\Lzma2Enc.c	678	rust\translations\3rdparty\3rdparty/lzma/src/Lzma2Enc.rs	translated			2026-06-19T19.07.05	agent-3rdparty-batch
3rdparty\lzma\src\Lzma86Dec.c	44	rust\translations\3rdparty\3rdparty/lzma/src/Lzma86Dec.rs	translated			2026-06-19T19.07.05	agent-3rdparty-batch
3rdparty\lzma\src\Lzma86Enc.c	93	rust\translations\3rdparty\3rdparty/lzma/src/Lzma86Enc.rs	translated			2026-06-19T19.07.05	agent-3rdparty-batch
3rdparty\lzma\src\LzmaDec.c	1218	rust\translations\3rdparty\3rdparty/lzma/src/LzmaDec.rs	translated			2026-06-19T19.07.05	agent-3rdparty-batch
3rdparty\lzma\src\LzmaEnc.c	2748	rust\translations\3rdparty\3rdparty/lzma/src/LzmaEnc.rs	translated			2026-06-19T19.07.05	agent-3rdparty-batch
3rdparty\lzma\src\LzmaLib.c	36	rust\translations\3rdparty\3rdparty/lzma/src/LzmaLib.rs	translated			2026-06-19T19.07.05	agent-3rdparty-batch
3rdparty\lzma\src\MtCoder.c	502	rust\translations\3rdparty\3rdparty/lzma/src/MtCoder.rs	translated			2026-06-19T19.07.05	agent-3rdparty-batch
3rdparty\lzma\src\MtDec.c	943	rust\translations\3rdparty\3rdparty/lzma/src/MtDec.rs	translated			2026-06-19T19.07.05	agent-3rdparty-batch
3rdparty\lzma\src\Ppmd7.c	985	rust\translations\3rdparty\3rdparty/lzma/src/Ppmd7.rs	translated			2026-06-19T19.07.05	agent-3rdparty-batch
3rdparty\lzma\src\Ppmd7Dec.c	271	rust\translations\3rdparty\3rdparty/lzma/src/Ppmd7Dec.rs	translated			2026-06-19T19.07.05	agent-3rdparty-batch
3rdparty\lzma\src\Ppmd7Enc.c	301	rust\translations\3rdparty\3rdparty/lzma/src/Ppmd7Enc.rs	translated			2026-06-19T19.07.05	agent-3rdparty-batch
3rdparty\lzma\src\Sha256.c	410	rust\translations\3rdparty\3rdparty/lzma/src/Sha256.rs	translated			2026-06-19T19.07.05	agent-3rdparty-batch
3rdparty\lzma\src\Sha256Opt.c	374	rust\translations\3rdparty\3rdparty/lzma/src/Sha256Opt.rs	translated			2026-06-19T19.07.05	agent-3rdparty-batch
3rdparty\lzma\src\Sort.c	236	rust\translations\3rdparty\3rdparty/lzma/src/Sort.rs	translated			2026-06-19T19.07.05	agent-3rdparty-batch
3rdparty\lzma\src\SwapBytes.c	719	rust\translations\3rdparty\3rdparty/lzma/src/SwapBytes.rs	translated			2026-06-19T19.07.05	agent-3rdparty-batch
3rdparty\lzma\src\Threads.c	721	rust\translations\3rdparty\3rdparty/lzma/src/Threads.rs	translated			2026-06-19T19.07.05	agent-3rdparty-batch
3rdparty\lzma\src\Xz.c	82	rust\translations\3rdparty\3rdparty/lzma/src/Xz.rs	translated			2026-06-19T19.07.05	agent-3rdparty-batch
3rdparty\lzma\src\XzCrc64.c	120	rust\translations\3rdparty\3rdparty/lzma/src/XzCrc64.rs	translated			2026-06-19T19.07.05	agent-3rdparty-batch
3rdparty\lzma\src\XzCrc64Opt.c	220	rust\translations\3rdparty\3rdparty/lzma/src/XzCrc64Opt.rs	translated			2026-06-19T19.07.05	agent-3rdparty-batch
3rdparty\lzma\src\XzDec.c	2482	rust\translations\3rdparty\3rdparty/lzma/src/XzDec.rs	translated			2026-06-19T19.07.05	agent-3rdparty-batch
3rdparty\lzma\src\XzEnc.c	1187	rust\translations\3rdparty\3rdparty/lzma/src/XzEnc.rs	translated			2026-06-19T19.07.05	agent-3rdparty-batch
3rdparty\lzma\src\XzIn.c	356	rust\translations\3rdparty\3rdparty/lzma/src/XzIn.rs	translated			2026-06-19T19.07.05	agent-3rdparty-batch
3rdparty\rainterface\RA_Consoles.h	93	rust\translations\3rdparty\3rdparty/rainterface/RA_Consoles.rs	translated			2026-06-19T19.07.05	agent-3rdparty-batch
3rdparty\rainterface\RA_Emulators.h	20	rust\translations\3rdparty\3rdparty/rainterface/RA_Emulators.rs	translated			2026-06-19T19.07.05	agent-3rdparty-batch
3rdparty\rainterface\RA_Interface.cpp	1024	rust\translations\3rdparty\3rdparty/rainterface/RA_Interface.rs	translated			2026-06-19T19.07.05	agent-3rdparty-batch
3rdparty\rainterface\RA_Interface.h	330	rust\translations\3rdparty\3rdparty/rainterface/RA_Interface.rs	translated			2026-06-19T19.07.05	agent-3rdparty-batch
3rdparty\rapidjson\include\rapidjson\allocators.h	235	rust\translations\3rdparty\3rdparty/rapidjson/include/rapidjson/allocators.rs	translated			2026-06-19T19.07.05	agent-3rdparty-batch
3rdparty\rapidjson\include\rapidjson\cursorstreamwrapper.h	63	rust\translations\3rdparty\3rdparty/rapidjson/include/rapidjson/cursorstreamwrapper.rs	translated			2026-06-19T19.07.05	agent-3rdparty-batch
3rdparty\rapidjson\include\rapidjson\document.h	2366	rust\translations\3rdparty\3rdparty/rapidjson/include/rapidjson/document.rs	translated			2026-06-19T19.07.05	agent-3rdparty-batch
3rdparty\rapidjson\include\rapidjson\encodedstream.h	246	rust\translations\3rdparty\3rdparty/rapidjson/include/rapidjson/encodedstream.rs	translated			2026-06-19T19.07.05	agent-3rdparty-batch
3rdparty\rapidjson\include\rapidjson\encodings.h	623	rust\translations\3rdparty\3rdparty/rapidjson/include/rapidjson/encodings.rs	translated			2026-06-19T19.07.05	agent-3rdparty-batch
3rdparty\rapidjson\include\rapidjson\error\en.h	61	rust\translations\3rdparty\3rdparty/rapidjson/include/rapidjson/error/en.rs	translated			2026-06-19T19.07.05	agent-3rdparty-batch
3rdparty\rapidjson\include\rapidjson\error\error.h	130	rust\translations\3rdparty\3rdparty/rapidjson/include/rapidjson/error/error.rs	translated			2026-06-19T19.07.05	agent-3rdparty-batch
3rdparty\rapidjson\include\rapidjson\filereadstream.h	84	rust\translations\3rdparty\3rdparty/rapidjson/include/rapidjson/filereadstream.rs	translated			2026-06-19T19.07.05	agent-3rdparty-batch
3rdparty\rapidjson\include\rapidjson\filewritestream.h	86	rust\translations\3rdparty\3rdparty/rapidjson/include/rapidjson/filewritestream.rs	translated			2026-06-19T19.07.05	agent-3rdparty-batch
3rdparty\rapidjson\include\rapidjson\fwd.h	98	rust\translations\3rdparty\3rdparty/rapidjson/include/rapidjson/fwd.rs	translated			2026-06-19T19.07.05	agent-3rdparty-batch
3rdparty\rapidjson\include\rapidjson\internal\biginteger.h	248	rust\translations\3rdparty\3rdparty/rapidjson/include/rapidjson/internal/biginteger.rs	translated			2026-06-19T19.07.05	agent-3rdparty-batch
3rdparty\rapidjson\include\rapidjson\internal\clzll.h	59	rust\translations\3rdparty\3rdparty/rapidjson/include/rapidjson/internal/clzll.rs	translated			2026-06-19T19.07.05	agent-3rdparty-batch
3rdparty\rapidjson\include\rapidjson\internal\diyfp.h	228	rust\translations\3rdparty\3rdparty/rapidjson/include/rapidjson/internal/diyfp.rs	translated			2026-06-19T19.07.05	agent-3rdparty-batch
3rdparty\rapidjson\include\rapidjson\internal\dtoa.h	224	rust\translations\3rdparty\3rdparty/rapidjson/include/rapidjson/internal/dtoa.rs	translated			2026-06-19T19.07.05	agent-3rdparty-batch
3rdparty\rapidjson\include\rapidjson\internal\ieee754.h	64	rust\translations\3rdparty\3rdparty/rapidjson/include/rapidjson/internal/ieee754.rs	translated			2026-06-19T19.07.05	agent-3rdparty-batch
3rdparty\rapidjson\include\rapidjson\internal\itoa.h	258	rust\translations\3rdparty\3rdparty/rapidjson/include/rapidjson/internal/itoa.rs	translated			2026-06-19T19.07.05	agent-3rdparty-batch
3rdparty\rapidjson\include\rapidjson\internal\meta.h	141	rust\translations\3rdparty\3rdparty/rapidjson/include/rapidjson/internal/meta.rs	translated			2026-06-19T19.07.05	agent-3rdparty-batch
3rdparty\rapidjson\include\rapidjson\internal\pow10.h	49	rust\translations\3rdparty\3rdparty/rapidjson/include/rapidjson/internal/pow10.rs	translated			2026-06-19T19.07.05	agent-3rdparty-batch
3rdparty\rapidjson\include\rapidjson\internal\regex.h	640	rust\translations\3rdparty\3rdparty/rapidjson/include/rapidjson/internal/regex.rs	translated			2026-06-19T19.07.05	agent-3rdparty-batch
3rdparty\rapidjson\include\rapidjson\internal\stack.h	196	rust\translations\3rdparty\3rdparty/rapidjson/include/rapidjson/internal/stack.rs	translated			2026-06-19T19.07.05	agent-3rdparty-batch
3rdparty\rapidjson\include\rapidjson\internal\strfunc.h	60	rust\translations\3rdparty\3rdparty/rapidjson/include/rapidjson/internal/strfunc.rs	translated			2026-06-19T19.07.05	agent-3rdparty-batch
3rdparty\rapidjson\include\rapidjson\internal\strtod.h	242	rust\translations\3rdparty\3rdparty/rapidjson/include/rapidjson/internal/strtod.rs	translated			2026-06-19T19.07.05	agent-3rdparty-batch
3rdparty\rapidjson\include\rapidjson\internal\swap.h	38	rust\translations\3rdparty\3rdparty/rapidjson/include/rapidjson/internal/swap.rs	translated			2026-06-19T19.07.05	agent-3rdparty-batch
3rdparty\rapidjson\include\rapidjson\istreamwrapper.h	108	rust\translations\3rdparty\3rdparty/rapidjson/include/rapidjson/istreamwrapper.rs	translated			2026-06-19T19.07.05	agent-3rdparty-batch
3rdparty\rapidjson\include\rapidjson\memorybuffer.h	53	rust\translations\3rdparty\3rdparty/rapidjson/include/rapidjson/memorybuffer.rs	translated			2026-06-19T19.07.05	agent-3rdparty-batch
3rdparty\rapidjson\include\rapidjson\memorystream.h	56	rust\translations\3rdparty\3rdparty/rapidjson/include/rapidjson/memorystream.rs	translated			2026-06-19T19.07.05	agent-3rdparty-batch
3rdparty\rapidjson\include\rapidjson\msinttypes\inttypes.h	270	rust\translations\3rdparty\3rdparty/rapidjson/include/rapidjson/msinttypes/inttypes.rs	translated			2026-06-19T19.07.05	agent-3rdparty-batch
3rdparty\rapidjson\include\rapidjson\msinttypes\stdint.h	250	rust\translations\3rdparty\3rdparty/rapidjson/include/rapidjson/msinttypes/stdint.rs	translated			2026-06-19T19.07.05	agent-3rdparty-batch
3rdparty\rapidjson\include\rapidjson\ostreamwrapper.h	65	rust\translations\3rdparty\3rdparty/rapidjson/include/rapidjson/ostreamwrapper.rs	translated			2026-06-19T19.07.05	agent-3rdparty-batch
3rdparty\rapidjson\include\rapidjson\pointer.h	1199	rust\translations\3rdparty\3rdparty/rapidjson/include/rapidjson/pointer.rs	translated			2026-06-19T19.07.05	agent-3rdparty-batch
3rdparty\rapidjson\include\rapidjson\prettywriter.h	235	rust\translations\3rdparty\3rdparty/rapidjson/include/rapidjson/prettywriter.rs	translated			2026-06-19T19.07.05	agent-3rdparty-batch
3rdparty\rapidjson\include\rapidjson\rapidjson.h	574	rust\translations\3rdparty\3rdparty/rapidjson/include/rapidjson/rapidjson.rs	translated			2026-06-19T19.07.05	agent-3rdparty-batch
3rdparty\rapidjson\include\rapidjson\reader.h	1939	rust\translations\3rdparty\3rdparty/rapidjson/include/rapidjson/reader.rs	translated			2026-06-19T19.07.05	agent-3rdparty-batch
3rdparty\rapidjson\include\rapidjson\schema.h	2191	rust\translations\3rdparty\3rdparty/rapidjson/include/rapidjson/schema.rs	translated			2026-06-19T19.07.05	agent-3rdparty-batch
3rdparty\rapidjson\include\rapidjson\stream.h	174	rust\translations\3rdparty\3rdparty/rapidjson/include/rapidjson/stream.rs	translated			2026-06-19T19.07.05	agent-3rdparty-batch
3rdparty\rapidjson\include\rapidjson\stringbuffer.h	96	rust\translations\3rdparty\3rdparty/rapidjson/include/rapidjson/stringbuffer.rs	translated			2026-06-19T19.07.05	agent-3rdparty-batch
3rdparty\rapidjson\include\rapidjson\writer.h	620	rust\translations\3rdparty\3rdparty/rapidjson/include/rapidjson/writer.rs	translated			2026-06-19T19.07.05	agent-3rdparty-batch
3rdparty\rcheevos\include\rc_api_editor.h	257	rust\translations\3rdparty\3rdparty/rcheevos/include/rc_api_editor.rs	translated			2026-06-19T19.07.05	agent-3rdparty-batch
3rdparty\rcheevos\include\rc_api_info.h	242	rust\translations\3rdparty\3rdparty/rcheevos/include/rc_api_info.rs	translated			2026-06-19T19.07.05	agent-3rdparty-batch
3rdparty\rcheevos\include\rc_api_request.h	63	rust\translations\3rdparty\3rdparty/rcheevos/include/rc_api_request.rs	translated			2026-06-19T19.07.05	agent-3rdparty-batch
3rdparty\rcheevos\include\rc_api_runtime.h	365	rust\translations\3rdparty\3rdparty/rcheevos/include/rc_api_runtime.rs	translated			2026-06-19T19.07.05	agent-3rdparty-batch
3rdparty\rcheevos\include\rc_api_user.h	226	rust\translations\3rdparty\3rdparty/rcheevos/include/rc_api_user.rs	translated			2026-06-19T19.07.05	agent-3rdparty-batch
3rdparty\rcheevos\include\rc_client_raintegration.h	70	rust\translations\3rdparty\3rdparty/rcheevos/include/rc_client_raintegration.rs	translated			2026-06-19T19.07.05	agent-3rdparty-batch
3rdparty\rcheevos\include\rc_client.h	731	rust\translations\3rdparty\3rdparty/rcheevos/include/rc_client.rs	translated			2026-06-19T19.07.05	agent-3rdparty-batch
3rdparty\rcheevos\include\rc_consoles.h	124	rust\translations\3rdparty\3rdparty/rcheevos/include/rc_consoles.rs	translated			2026-06-19T19.07.05	agent-3rdparty-batch
3rdparty\rcheevos\include\rc_error.h	52	rust\translations\3rdparty\3rdparty/rcheevos/include/rc_error.rs	translated			2026-06-19T19.07.05	agent-3rdparty-batch
3rdparty\rcheevos\include\rc_export.h	83	rust\translations\3rdparty\3rdparty/rcheevos/include/rc_export.rs	translated			2026-06-19T19.07.05	agent-3rdparty-batch
3rdparty\rcheevos\include\rc_hash.h	153	rust\translations\3rdparty\3rdparty/rcheevos/include/rc_hash.rs	translated			2026-06-19T19.07.05	agent-3rdparty-batch
3rdparty\rcheevos\include\rc_runtime_types.h	365	rust\translations\3rdparty\3rdparty/rcheevos/include/rc_runtime_types.rs	translated			2026-06-19T19.07.05	agent-3rdparty-batch
3rdparty\rcheevos\include\rc_runtime.h	115	rust\translations\3rdparty\3rdparty/rcheevos/include/rc_runtime.rs	translated			2026-06-19T19.07.05	agent-3rdparty-batch
3rdparty\rcheevos\include\rc_util.h	41	rust\translations\3rdparty\3rdparty/rcheevos/include/rc_util.rs	translated			2026-06-19T19.07.05	agent-3rdparty-batch
3rdparty\rcheevos\include\rcheevos.h	6	rust\translations\3rdparty\3rdparty/rcheevos/include/rcheevos.rs	translated			2026-06-19T19.07.05	agent-3rdparty-batch
3rdparty\rcheevos\src\rapi\rc_api_common.c	1099	rust\translations\3rdparty\3rdparty/rcheevos/src/rapi/rc_api_common.rs	translated			2026-06-19T19.07.05	agent-3rdparty-batch
3rdparty\rcheevos\src\rapi\rc_api_common.h	71	rust\translations\3rdparty\3rdparty/rcheevos/src/rapi/rc_api_common.rs	translated			2026-06-19T19.07.05	agent-3rdparty-batch
3rdparty\rcheevos\src\rapi\rc_api_editor.c	483	rust\translations\3rdparty\3rdparty/rcheevos/src/rapi/rc_api_editor.rs	translated			2026-06-19T19.07.05	agent-3rdparty-batch
3rdparty\rcheevos\src\rapi\rc_api_info.c	456	rust\translations\3rdparty\3rdparty/rcheevos/src/rapi/rc_api_info.rs	translated			2026-06-19T19.07.05	agent-3rdparty-batch
3rdparty\rcheevos\src\rapi\rc_api_runtime.c	725	rust\translations\3rdparty\3rdparty/rcheevos/src/rapi/rc_api_runtime.rs	translated			2026-06-19T19.07.05	agent-3rdparty-batch
3rdparty\rcheevos\src\rapi\rc_api_user.c	373	rust\translations\3rdparty\3rdparty/rcheevos/src/rapi/rc_api_user.rs	translated			2026-06-19T19.07.05	agent-3rdparty-batch
3rdparty\rcheevos\src\rc_client_external_versions.h	143	rust\translations\3rdparty\3rdparty/rcheevos/src/rc_client_external_versions.rs	translated			2026-06-19T19.07.05	agent-3rdparty-batch
3rdparty\rcheevos\src\rc_client_external.c	219	rust\translations\3rdparty\3rdparty/rcheevos/src/rc_client_external.rs	translated			2026-06-19T19.07.05	agent-3rdparty-batch
3rdparty\rcheevos\src\rc_client_external.h	139	rust\translations\3rdparty\3rdparty/rcheevos/src/rc_client_external.rs	translated			2026-06-19T19.07.05	agent-3rdparty-batch
3rdparty\rcheevos\src\rc_client_internal.h	317	rust\translations\3rdparty\3rdparty/rcheevos/src/rc_client_internal.rs	translated			2026-06-19T19.07.05	agent-3rdparty-batch
3rdparty\rcheevos\src\rc_client_raintegration_internal.h	46	rust\translations\3rdparty\3rdparty/rcheevos/src/rc_client_raintegration_internal.rs	translated			2026-06-19T19.07.05	agent-3rdparty-batch
3rdparty\rcheevos\src\rc_client_raintegration.c	459	rust\translations\3rdparty\3rdparty/rcheevos/src/rc_client_raintegration.rs	translated			2026-06-19T19.07.05	agent-3rdparty-batch
3rdparty\rcheevos\src\rc_client.c	5666	rust\translations\3rdparty\3rdparty/rcheevos/src/rc_client.rs	translated			2026-06-19T19.07.05	agent-3rdparty-batch
3rdparty\rcheevos\src\rc_compat.c	201	rust\translations\3rdparty\3rdparty/rcheevos/src/rc_compat.rs	translated			2026-06-19T19.07.05	agent-3rdparty-batch
3rdparty\rcheevos\src\rc_compat.h	96	rust\translations\3rdparty\3rdparty/rcheevos/src/rc_compat.rs	translated			2026-06-19T19.07.05	agent-3rdparty-batch
3rdparty\rcheevos\src\rc_libretro.c	765	rust\translations\3rdparty\3rdparty/rcheevos/src/rc_libretro.rs	translated			2026-06-19T19.07.05	agent-3rdparty-batch
3rdparty\rcheevos\src\rc_libretro.h	74	rust\translations\3rdparty\3rdparty/rcheevos/src/rc_libretro.rs	translated			2026-06-19T19.07.05	agent-3rdparty-batch
3rdparty\rcheevos\src\rc_util.c	172	rust\translations\3rdparty\3rdparty/rcheevos/src/rc_util.rs	translated			2026-06-19T19.07.05	agent-3rdparty-batch
3rdparty\rcheevos\src\rc_version.c	9	rust\translations\3rdparty\3rdparty/rcheevos/src/rc_version.rs	translated			2026-06-19T19.07.05	agent-3rdparty-batch
3rdparty\rcheevos\src\rc_version.h	22	rust\translations\3rdparty\3rdparty/rcheevos/src/rc_version.rs	translated			2026-06-19T19.07.05	agent-3rdparty-batch
3rdparty\rcheevos\src\rcheevos\alloc.c	253	rust\translations\3rdparty\3rdparty/rcheevos/src/rcheevos/alloc.rs	translated			2026-06-19T19.07.05	agent-3rdparty-batch
3rdparty\rcheevos\src\rcheevos\condition.c	621	rust\translations\3rdparty\3rdparty/rcheevos/src/rcheevos/condition.rs	translated			2026-06-19T19.07.05	agent-3rdparty-batch
3rdparty\rcheevos\src\rcheevos\condset.c	636	rust\translations\3rdparty\3rdparty/rcheevos/src/rcheevos/condset.rs	translated			2026-06-19T19.07.05	agent-3rdparty-batch
3rdparty\rcheevos\src\rcheevos\consoleinfo.c	1003	rust\translations\3rdparty\3rdparty/rcheevos/src/rcheevos/consoleinfo.rs	translated			2026-06-19T19.07.05	agent-3rdparty-batch
3rdparty\rcheevos\src\rcheevos\format.c	261	rust\translations\3rdparty\3rdparty/rcheevos/src/rcheevos/format.rs	translated			2026-06-19T19.07.05	agent-3rdparty-batch
3rdparty\rcheevos\src\rcheevos\lboard.c	238	rust\translations\3rdparty\3rdparty/rcheevos/src/rcheevos/lboard.rs	translated			2026-06-19T19.07.05	agent-3rdparty-batch
3rdparty\rcheevos\src\rcheevos\memref.c	668	rust\translations\3rdparty\3rdparty/rcheevos/src/rcheevos/memref.rs	translated			2026-06-19T19.07.05	agent-3rdparty-batch
3rdparty\rcheevos\src\rcheevos\operand.c	497	rust\translations\3rdparty\3rdparty/rcheevos/src/rcheevos/operand.rs	translated			2026-06-19T19.07.05	agent-3rdparty-batch
3rdparty\rcheevos\src\rcheevos\rc_internal.h	335	rust\translations\3rdparty\3rdparty/rcheevos/src/rcheevos/rc_internal.rs	translated			2026-06-19T19.07.05	agent-3rdparty-batch
3rdparty\rcheevos\src\rcheevos\rc_validate.c	1196	rust\translations\3rdparty\3rdparty/rcheevos/src/rcheevos/rc_validate.rs	translated			2026-06-19T19.07.05	agent-3rdparty-batch
3rdparty\rcheevos\src\rcheevos\rc_validate.h	11	rust\translations\3rdparty\3rdparty/rcheevos/src/rcheevos/rc_validate.rs	translated			2026-06-19T19.07.05	agent-3rdparty-batch
3rdparty\rcheevos\src\rcheevos\richpresence.c	757	rust\translations\3rdparty\3rdparty/rcheevos/src/rcheevos/richpresence.rs	translated			2026-06-19T19.07.05	agent-3rdparty-batch
3rdparty\rcheevos\src\rcheevos\runtime_progress.c	844	rust\translations\3rdparty\3rdparty/rcheevos/src/rcheevos/runtime_progress.rs	translated			2026-06-19T19.07.05	agent-3rdparty-batch
3rdparty\rcheevos\src\rcheevos\runtime.c	680	rust\translations\3rdparty\3rdparty/rcheevos/src/rcheevos/runtime.rs	translated			2026-06-19T19.07.05	agent-3rdparty-batch
3rdparty\rcheevos\src\rcheevos\trigger.c	275	rust\translations\3rdparty\3rdparty/rcheevos/src/rcheevos/trigger.rs	translated			2026-06-19T19.07.05	agent-3rdparty-batch
3rdparty\rcheevos\src\rcheevos\value.c	780	rust\translations\3rdparty\3rdparty/rcheevos/src/rcheevos/value.rs	translated			2026-06-19T19.07.05	agent-3rdparty-batch
3rdparty\rcheevos\src\rhash\cdreader.c	704	rust\translations\3rdparty\3rdparty/rcheevos/src/rhash/cdreader.rs	translated			2026-06-19T19.07.05	agent-3rdparty-batch
3rdparty\rcheevos\src\rhash\hash.c	1133	rust\translations\3rdparty\3rdparty/rcheevos/src/rhash/hash.rs	translated			2026-06-19T19.07.05	agent-3rdparty-batch
3rdparty\rcheevos\src\rhash\md5.c	350	rust\translations\3rdparty\3rdparty/rcheevos/src/rhash/md5.rs	translated			2026-06-19T19.07.05	agent-3rdparty-batch
3rdparty\rcheevos\src\rhash\md5.h	73	rust\translations\3rdparty\3rdparty/rcheevos/src/rhash/md5.rs	translated			2026-06-19T19.07.05	agent-3rdparty-batch
3rdparty\rcheevos\src\rhash\rc_hash_internal.h	89	rust\translations\3rdparty\3rdparty/rcheevos/src/rhash/rc_hash_internal.rs	translated			2026-06-19T19.07.05	agent-3rdparty-batch
3rdparty\simpleini\include\ConvertUTF.h	122	rust\translations\3rdparty\3rdparty/simpleini/include/ConvertUTF.rs	translated			2026-06-19T19.07.05	agent-3rdparty-batch
3rdparty\simpleini\include\SimpleIni.h	3210	rust\translations\3rdparty\3rdparty/simpleini/include/SimpleIni.rs	translated			2026-06-19T19.07.05	agent-3rdparty-batch
3rdparty\simpleini\src\ConvertUTF.c	537	rust\translations\3rdparty\3rdparty/simpleini/src/ConvertUTF.rs	translated			2026-06-19T19.07.05	agent-3rdparty-batch
3rdparty\soundtouch\soundtouch\BPMDetect.h	169	rust\translations\3rdparty\3rdparty/soundtouch/soundtouch/BPMDetect.rs	translated			2026-06-19T19.07.05	agent-3rdparty-batch
3rdparty\soundtouch\soundtouch\FIFOSampleBuffer.h	150	rust\translations\3rdparty\3rdparty/soundtouch/soundtouch/FIFOSampleBuffer.rs	translated			2026-06-19T19.07.05	agent-3rdparty-batch
3rdparty\soundtouch\soundtouch\FIFOSamplePipe.h	196	rust\translations\3rdparty\3rdparty/soundtouch/soundtouch/FIFOSamplePipe.rs	translated			2026-06-19T19.07.05	agent-3rdparty-batch
3rdparty\soundtouch\soundtouch\soundtouch_config.h	3	rust\translations\3rdparty\3rdparty/soundtouch/soundtouch/soundtouch_config.rs	translated			2026-06-19T19.07.05	agent-3rdparty-batch
3rdparty\soundtouch\soundtouch\SoundTouch.h	293	rust\translations\3rdparty\3rdparty/soundtouch/soundtouch/SoundTouch.rs	translated			2026-06-19T19.07.05	agent-3rdparty-batch
3rdparty\soundtouch\soundtouch\STTypes.h	158	rust\translations\3rdparty\3rdparty/soundtouch/soundtouch/STTypes.rs	translated			2026-06-19T19.07.05	agent-3rdparty-batch
3rdparty\soundtouch\source\SoundStretch\SS_CharTypes.h	48	rust\translations\3rdparty\3rdparty/soundtouch/source/SoundStretch/SS_CharTypes.rs	translated			2026-06-19T19.07.05	agent-3rdparty-batch
3rdparty\soundtouch\source\SoundStretch\WavFile.cpp	791	rust\translations\3rdparty\3rdparty/soundtouch/source/SoundStretch/WavFile.rs	translated			2026-06-19T19.07.05	agent-3rdparty-batch
3rdparty\soundtouch\source\SoundStretch\WavFile.h	226	rust\translations\3rdparty\3rdparty/soundtouch/source/SoundStretch/WavFile.rs	translated			2026-06-19T19.07.05	agent-3rdparty-batch
3rdparty\soundtouch\source\SoundTouch\AAFilter.cpp	181	rust\translations\3rdparty\3rdparty/soundtouch/source/SoundTouch/AAFilter.rs	translated			2026-06-19T19.07.05	agent-3rdparty-batch
3rdparty\soundtouch\source\SoundTouch\AAFilter.h	77	rust\translations\3rdparty\3rdparty/soundtouch/source/SoundTouch/AAFilter.rs	translated			2026-06-19T19.07.05	agent-3rdparty-batch
3rdparty\soundtouch\source\SoundTouch\BPMDetect.cpp	470	rust\translations\3rdparty\3rdparty/soundtouch/source/SoundTouch/BPMDetect.rs	translated			2026-06-19T19.07.05	agent-3rdparty-batch
3rdparty\soundtouch\source\SoundTouch\cpu_detect_x86.cpp	105	rust\translations\3rdparty\3rdparty/soundtouch/source/SoundTouch/cpu_detect_x86.rs	translated			2026-06-19T19.07.05	agent-3rdparty-batch
3rdparty\soundtouch\source\SoundTouch\cpu_detect.h	49	rust\translations\3rdparty\3rdparty/soundtouch/source/SoundTouch/cpu_detect.rs	translated			2026-06-19T19.07.05	agent-3rdparty-batch
3rdparty\soundtouch\source\SoundTouch\FIFOSampleBuffer.cpp	230	rust\translations\3rdparty\3rdparty/soundtouch/source/SoundTouch/FIFOSampleBuffer.rs	translated			2026-06-19T19.07.05	agent-3rdparty-batch
3rdparty\soundtouch\source\SoundTouch\FIRFilter.cpp	262	rust\translations\3rdparty\3rdparty/soundtouch/source/SoundTouch/FIRFilter.rs	translated			2026-06-19T19.07.05	agent-3rdparty-batch
3rdparty\soundtouch\source\SoundTouch\FIRFilter.h	110	rust\translations\3rdparty\3rdparty/soundtouch/source/SoundTouch/FIRFilter.rs	translated			2026-06-19T19.07.05	agent-3rdparty-batch
3rdparty\soundtouch\source\SoundTouch\InterpolateCubic.cpp	166	rust\translations\3rdparty\3rdparty/soundtouch/source/SoundTouch/InterpolateCubic.rs	translated			2026-06-19T19.07.05	agent-3rdparty-batch
3rdparty\soundtouch\source\SoundTouch\InterpolateCubic.h	59	rust\translations\3rdparty\3rdparty/soundtouch/source/SoundTouch/InterpolateCubic.rs	translated			2026-06-19T19.07.05	agent-3rdparty-batch
3rdparty\soundtouch\source\SoundTouch\InterpolateLinear.cpp	240	rust\translations\3rdparty\3rdparty/soundtouch/source/SoundTouch/InterpolateLinear.rs	translated			2026-06-19T19.07.05	agent-3rdparty-batch
3rdparty\soundtouch\source\SoundTouch\InterpolateLinear.h	82	rust\translations\3rdparty\3rdparty/soundtouch/source/SoundTouch/InterpolateLinear.rs	translated			2026-06-19T19.07.05	agent-3rdparty-batch
3rdparty\soundtouch\source\SoundTouch\InterpolateShannon.cpp	158	rust\translations\3rdparty\3rdparty/soundtouch/source/SoundTouch/InterpolateShannon.rs	translated			2026-06-19T19.07.05	agent-3rdparty-batch
3rdparty\soundtouch\source\SoundTouch\InterpolateShannon.h	64	rust\translations\3rdparty\3rdparty/soundtouch/source/SoundTouch/InterpolateShannon.rs	translated			2026-06-19T19.07.05	agent-3rdparty-batch
3rdparty\soundtouch\source\SoundTouch\mmx_optimized.cpp	311	rust\translations\3rdparty\3rdparty/soundtouch/source/SoundTouch/mmx_optimized.rs	translated			2026-06-19T19.07.05	agent-3rdparty-batch
3rdparty\soundtouch\source\SoundTouch\PeakFinder.cpp	225	rust\translations\3rdparty\3rdparty/soundtouch/source/SoundTouch/PeakFinder.rs	translated			2026-06-19T19.07.05	agent-3rdparty-batch
3rdparty\soundtouch\source\SoundTouch\PeakFinder.h	77	rust\translations\3rdparty\3rdparty/soundtouch/source/SoundTouch/PeakFinder.rs	translated			2026-06-19T19.07.05	agent-3rdparty-batch
3rdparty\soundtouch\source\SoundTouch\RateTransposer.cpp	253	rust\translations\3rdparty\3rdparty/soundtouch/source/SoundTouch/RateTransposer.rs	translated			2026-06-19T19.07.05	agent-3rdparty-batch
3rdparty\soundtouch\source\SoundTouch\RateTransposer.h	130	rust\translations\3rdparty\3rdparty/soundtouch/source/SoundTouch/RateTransposer.rs	translated			2026-06-19T19.07.05	agent-3rdparty-batch
3rdparty\soundtouch\source\SoundTouch\SoundTouch.cpp	439	rust\translations\3rdparty\3rdparty/soundtouch/source/SoundTouch/SoundTouch.rs	translated			2026-06-19T19.07.05	agent-3rdparty-batch
3rdparty\soundtouch\source\SoundTouch\sse_optimized.cpp	294	rust\translations\3rdparty\3rdparty/soundtouch/source/SoundTouch/sse_optimized.rs	translated			2026-06-19T19.07.05	agent-3rdparty-batch
3rdparty\soundtouch\source\SoundTouch\TDStretch.cpp	886	rust\translations\3rdparty\3rdparty/soundtouch/source/SoundTouch/TDStretch.rs	translated			2026-06-19T19.07.05	agent-3rdparty-batch
3rdparty\soundtouch\source\SoundTouch\TDStretch.h	230	rust\translations\3rdparty\3rdparty/soundtouch/source/SoundTouch/TDStretch.rs	translated			2026-06-19T19.07.05	agent-3rdparty-batch
3rdparty\vixl\include\vixl\aarch64\abi-aarch64.h	148	rust\translations\3rdparty\3rdparty/vixl/include/vixl/aarch64/abi-aarch64.rs	translated			2026-06-19T19.07.05	agent-3rdparty-batch
3rdparty\vixl\include\vixl\aarch64\assembler-aarch64.h	6588	rust\translations\3rdparty\3rdparty/vixl/include/vixl/aarch64/assembler-aarch64.rs	translated			2026-06-19T19.07.05	agent-3rdparty-batch
3rdparty\vixl\include\vixl\aarch64\constants-aarch64.h	4110	rust\translations\3rdparty\3rdparty/vixl/include/vixl/aarch64/constants-aarch64.rs	translated			2026-06-19T19.07.05	agent-3rdparty-batch
3rdparty\vixl\include\vixl\aarch64\cpu-aarch64.h	272	rust\translations\3rdparty\3rdparty/vixl/include/vixl/aarch64/cpu-aarch64.rs	translated			2026-06-19T19.07.05	agent-3rdparty-batch
3rdparty\vixl\include\vixl\aarch64\cpu-features-auditor-aarch64.h	115	rust\translations\3rdparty\3rdparty/vixl/include/vixl/aarch64/cpu-features-auditor-aarch64.rs	translated			2026-06-19T19.07.05	agent-3rdparty-batch
3rdparty\vixl\include\vixl\aarch64\debugger-aarch64.h	218	rust\translations\3rdparty\3rdparty/vixl/include/vixl/aarch64/debugger-aarch64.rs	translated			2026-06-19T19.07.05	agent-3rdparty-batch
3rdparty\vixl\include\vixl\aarch64\decoder-aarch64.h	632	rust\translations\3rdparty\3rdparty/vixl/include/vixl/aarch64/decoder-aarch64.rs	translated			2026-06-19T19.07.05	agent-3rdparty-batch
3rdparty\vixl\include\vixl\aarch64\decoder-constants-aarch64.h	8969	rust\translations\3rdparty\3rdparty/vixl/include/vixl/aarch64/decoder-constants-aarch64.rs	translated			2026-06-19T19.07.05	agent-3rdparty-batch
3rdparty\vixl\include\vixl\aarch64\decoder-visitor-map-aarch64.h	2863	rust\translations\3rdparty\3rdparty/vixl/include/vixl/aarch64/decoder-visitor-map-aarch64.rs	translated			2026-06-19T19.07.05	agent-3rdparty-batch
3rdparty\vixl\include\vixl\aarch64\disasm-aarch64.h	224	rust\translations\3rdparty\3rdparty/vixl/include/vixl/aarch64/disasm-aarch64.rs	translated			2026-06-19T19.07.05	agent-3rdparty-batch
3rdparty\vixl\include\vixl\aarch64\instructions-aarch64.h	996	rust\translations\3rdparty\3rdparty/vixl/include/vixl/aarch64/instructions-aarch64.rs	translated			2026-06-19T19.07.05	agent-3rdparty-batch
3rdparty\vixl\include\vixl\aarch64\macro-assembler-aarch64.h	8552	rust\translations\3rdparty\3rdparty/vixl/include/vixl/aarch64/macro-assembler-aarch64.rs	translated			2026-06-19T19.07.05	agent-3rdparty-batch
3rdparty\vixl\include\vixl\aarch64\operands-aarch64.h	860	rust\translations\3rdparty\3rdparty/vixl/include/vixl/aarch64/operands-aarch64.rs	translated			2026-06-19T19.07.05	agent-3rdparty-batch
3rdparty\vixl\include\vixl\aarch64\registers-aarch64.h	778	rust\translations\3rdparty\3rdparty/vixl/include/vixl/aarch64/registers-aarch64.rs	translated			2026-06-19T19.07.05	agent-3rdparty-batch
3rdparty\vixl\include\vixl\aarch64\simulator-aarch64.h	5148	rust\translations\3rdparty\3rdparty/vixl/include/vixl/aarch64/simulator-aarch64.rs	translated			2026-06-19T19.07.05	agent-3rdparty-batch
3rdparty\vixl\include\vixl\aarch64\simulator-constants-aarch64.h	173	rust\translations\3rdparty\3rdparty/vixl/include/vixl/aarch64/simulator-constants-aarch64.rs	translated			2026-06-19T19.07.05	agent-3rdparty-batch
3rdparty\vixl\include\vixl\assembler-base-vixl.h	85	rust\translations\3rdparty\3rdparty/vixl/include/vixl/assembler-base-vixl.rs	translated			2026-06-19T19.07.05	agent-3rdparty-batch
3rdparty\vixl\include\vixl\code-buffer-vixl.h	152	rust\translations\3rdparty\3rdparty/vixl/include/vixl/code-buffer-vixl.rs	translated			2026-06-19T19.07.05	agent-3rdparty-batch
3rdparty\vixl\include\vixl\code-generation-scopes-vixl.h	293	rust\translations\3rdparty\3rdparty/vixl/include/vixl/code-generation-scopes-vixl.rs	translated			2026-06-19T19.07.05	agent-3rdparty-batch
3rdparty\vixl\include\vixl\compiler-intrinsics-vixl.h	140	rust\translations\3rdparty\3rdparty/vixl/include/vixl/compiler-intrinsics-vixl.rs	translated			2026-06-19T19.07.05	agent-3rdparty-batch
3rdparty\vixl\include\vixl\cpu-features.h	458	rust\translations\3rdparty\3rdparty/vixl/include/vixl/cpu-features.rs	translated			2026-06-19T19.07.05	agent-3rdparty-batch
3rdparty\vixl\include\vixl\globals-vixl.h	272	rust\translations\3rdparty\3rdparty/vixl/include/vixl/globals-vixl.rs	translated			2026-06-19T19.07.05	agent-3rdparty-batch
3rdparty\vixl\include\vixl\invalset-vixl.h	772	rust\translations\3rdparty\3rdparty/vixl/include/vixl/invalset-vixl.rs	translated			2026-06-19T19.07.05	agent-3rdparty-batch
3rdparty\vixl\include\vixl\macro-assembler-interface.h	62	rust\translations\3rdparty\3rdparty/vixl/include/vixl/macro-assembler-interface.rs	translated			2026-06-19T19.07.05	agent-3rdparty-batch
3rdparty\vixl\include\vixl\platform-vixl.h	35	rust\translations\3rdparty\3rdparty/vixl/include/vixl/platform-vixl.rs	translated			2026-06-19T19.07.05	agent-3rdparty-batch
3rdparty\vixl\include\vixl\pool-manager-impl.h	462	rust\translations\3rdparty\3rdparty/vixl/include/vixl/pool-manager-impl.rs	translated			2026-06-19T19.07.05	agent-3rdparty-batch
3rdparty\vixl\include\vixl\pool-manager.h	476	rust\translations\3rdparty\3rdparty/vixl/include/vixl/pool-manager.rs	translated			2026-06-19T19.07.05	agent-3rdparty-batch
3rdparty\vixl\include\vixl\utils-vixl.h	1314	rust\translations\3rdparty\3rdparty/vixl/include/vixl/utils-vixl.rs	translated			2026-06-19T19.07.05	agent-3rdparty-batch
3rdparty\vulkan\include\vk_mem_alloc.h	16980	rust\translations\3rdparty\3rdparty/vulkan/include/vk_mem_alloc.rs	translated			2026-06-19T19.07.05	agent-3rdparty-batch
3rdparty\vulkan\include\vk_video\vulkan_video_codec_av1std_decode.h	94	rust\translations\3rdparty\3rdparty/vulkan/include/vk_video/vulkan_video_codec_av1std_decode.rs	translated			2026-06-19T19.07.05	agent-3rdparty-batch
3rdparty\vulkan\include\vk_video\vulkan_video_codec_av1std_encode.h	124	rust\translations\3rdparty\3rdparty/vulkan/include/vk_video/vulkan_video_codec_av1std_encode.rs	translated			2026-06-19T19.07.05	agent-3rdparty-batch
3rdparty\vulkan\include\vk_video\vulkan_video_codec_av1std.h	356	rust\translations\3rdparty\3rdparty/vulkan/include/vk_video/vulkan_video_codec_av1std.rs	translated			2026-06-19T19.07.05	agent-3rdparty-batch
3rdparty\vulkan\include\vk_video\vulkan_video_codec_h264std_decode.h	61	rust\translations\3rdparty\3rdparty/vulkan/include/vk_video/vulkan_video_codec_h264std_decode.rs	translated			2026-06-19T19.07.05	agent-3rdparty-batch
3rdparty\vulkan\include\vk_video\vulkan_video_codec_h264std_encode.h	124	rust\translations\3rdparty\3rdparty/vulkan/include/vk_video/vulkan_video_codec_h264std_encode.rs	translated			2026-06-19T19.07.05	agent-3rdparty-batch
3rdparty\vulkan\include\vk_video\vulkan_video_codec_h264std.h	282	rust\translations\3rdparty\3rdparty/vulkan/include/vk_video/vulkan_video_codec_h264std.rs	translated			2026-06-19T19.07.05	agent-3rdparty-batch
3rdparty\vulkan\include\vk_video\vulkan_video_codec_h265std_decode.h	52	rust\translations\3rdparty\3rdparty/vulkan/include/vk_video/vulkan_video_codec_h265std_decode.rs	translated			2026-06-19T19.07.05	agent-3rdparty-batch
3rdparty\vulkan\include\vk_video\vulkan_video_codec_h265std_encode.h	135	rust\translations\3rdparty\3rdparty/vulkan/include/vk_video/vulkan_video_codec_h265std_encode.rs	translated			2026-06-19T19.07.05	agent-3rdparty-batch
3rdparty\vulkan\include\vk_video\vulkan_video_codec_h265std.h	412	rust\translations\3rdparty\3rdparty/vulkan/include/vk_video/vulkan_video_codec_h265std.rs	translated			2026-06-19T19.07.05	agent-3rdparty-batch
3rdparty\vulkan\include\vk_video\vulkan_video_codec_vp9std_decode.h	55	rust\translations\3rdparty\3rdparty/vulkan/include/vk_video/vulkan_video_codec_vp9std_decode.rs	translated			2026-06-19T19.07.05	agent-3rdparty-batch
3rdparty\vulkan\include\vk_video\vulkan_video_codec_vp9std.h	130	rust\translations\3rdparty\3rdparty/vulkan/include/vk_video/vulkan_video_codec_vp9std.rs	translated			2026-06-19T19.07.05	agent-3rdparty-batch
3rdparty\vulkan\include\vk_video\vulkan_video_codecs_common.h	25	rust\translations\3rdparty\3rdparty/vulkan/include/vk_video/vulkan_video_codecs_common.rs	translated			2026-06-19T19.07.05	agent-3rdparty-batch
3rdparty\vulkan\include\vulkan\vk_icd.h	216	rust\translations\3rdparty\3rdparty/vulkan/include/vulkan/vk_icd.rs	translated			2026-06-19T19.07.05	agent-3rdparty-batch
3rdparty\vulkan\include\vulkan\vk_layer.h	162	rust\translations\3rdparty\3rdparty/vulkan/include/vulkan/vk_layer.rs	translated			2026-06-19T19.07.05	agent-3rdparty-batch
3rdparty\vulkan\include\vulkan\vk_mem_alloc.h	16980	rust\translations\3rdparty\3rdparty/vulkan/include/vulkan/vk_mem_alloc.rs	translated			2026-06-19T19.07.05	agent-3rdparty-batch
3rdparty\vulkan\include\vulkan\vk_platform.h	75	rust\translations\3rdparty\3rdparty/vulkan/include/vulkan/vk_platform.rs	translated			2026-06-19T19.07.05	agent-3rdparty-batch
3rdparty\vulkan\include\vulkan\vulkan_android.h	132	rust\translations\3rdparty\3rdparty/vulkan/include/vulkan/vulkan_android.rs	translated			2026-06-19T19.07.05	agent-3rdparty-batch
3rdparty\vulkan\include\vulkan\vulkan_beta.h	323	rust\translations\3rdparty\3rdparty/vulkan/include/vulkan/vulkan_beta.rs	translated			2026-06-19T19.07.05	agent-3rdparty-batch
3rdparty\vulkan\include\vulkan\vulkan_core.h	22428	rust\translations\3rdparty\3rdparty/vulkan/include/vulkan/vulkan_core.rs	translated			2026-06-19T19.07.05	agent-3rdparty-batch
3rdparty\vulkan\include\vulkan\vulkan_directfb.h	47	rust\translations\3rdparty\3rdparty/vulkan/include/vulkan/vulkan_directfb.rs	translated			2026-06-19T19.07.05	agent-3rdparty-batch
3rdparty\vulkan\include\vulkan\vulkan_fuchsia.h	240	rust\translations\3rdparty\3rdparty/vulkan/include/vulkan/vulkan_fuchsia.rs	translated			2026-06-19T19.07.05	agent-3rdparty-batch
3rdparty\vulkan\include\vulkan\vulkan_ggp.h	48	rust\translations\3rdparty\3rdparty/vulkan/include/vulkan/vulkan_ggp.rs	translated			2026-06-19T19.07.05	agent-3rdparty-batch
3rdparty\vulkan\include\vulkan\vulkan_ios.h	39	rust\translations\3rdparty\3rdparty/vulkan/include/vulkan/vulkan_ios.rs	translated			2026-06-19T19.07.05	agent-3rdparty-batch
3rdparty\vulkan\include\vulkan\vulkan_macos.h	39	rust\translations\3rdparty\3rdparty/vulkan/include/vulkan/vulkan_macos.rs	translated			2026-06-19T19.07.05	agent-3rdparty-batch
3rdparty\vulkan\include\vulkan\vulkan_metal.h	204	rust\translations\3rdparty\3rdparty/vulkan/include/vulkan/vulkan_metal.rs	translated			2026-06-19T19.07.05	agent-3rdparty-batch
3rdparty\vulkan\include\vulkan\vulkan_ohos.h	99	rust\translations\3rdparty\3rdparty/vulkan/include/vulkan/vulkan_ohos.rs	translated			2026-06-19T19.07.05	agent-3rdparty-batch
3rdparty\vulkan\include\vulkan\vulkan_screen.h	94	rust\translations\3rdparty\3rdparty/vulkan/include/vulkan/vulkan_screen.rs	translated			2026-06-19T19.07.05	agent-3rdparty-batch
3rdparty\vulkan\include\vulkan\vulkan_vi.h	39	rust\translations\3rdparty\3rdparty/vulkan/include/vulkan/vulkan_vi.rs	translated			2026-06-19T19.07.05	agent-3rdparty-batch
3rdparty\vulkan\include\vulkan\vulkan_wayland.h	47	rust\translations\3rdparty\3rdparty/vulkan/include/vulkan/vulkan_wayland.rs	translated			2026-06-19T19.07.05	agent-3rdparty-batch
3rdparty\vulkan\include\vulkan\vulkan_win32.h	312	rust\translations\3rdparty\3rdparty/vulkan/include/vulkan/vulkan_win32.rs	translated			2026-06-19T19.07.05	agent-3rdparty-batch
3rdparty\vulkan\include\vulkan\vulkan_xcb.h	48	rust\translations\3rdparty\3rdparty/vulkan/include/vulkan/vulkan_xcb.rs	translated			2026-06-19T19.07.05	agent-3rdparty-batch
3rdparty\vulkan\include\vulkan\vulkan_xlib_xrandr.h	39	rust\translations\3rdparty\3rdparty/vulkan/include/vulkan/vulkan_xlib_xrandr.rs	translated			2026-06-19T19.07.05	agent-3rdparty-batch
3rdparty\vulkan\include\vulkan\vulkan_xlib.h	48	rust\translations\3rdparty\3rdparty/vulkan/include/vulkan/vulkan_xlib.rs	translated			2026-06-19T19.07.05	agent-3rdparty-batch
3rdparty\vulkan\include\vulkan\vulkan.h	72	rust\translations\3rdparty\3rdparty/vulkan/include/vulkan/vulkan.rs	translated			2026-06-19T19.07.05	agent-3rdparty-batch
3rdparty\winpixeventruntime\include\WinPixEventRuntime\pix3_win.h	359	rust\translations\3rdparty\3rdparty/winpixeventruntime/include/WinPixEventRuntime/pix3_win.rs	translated			2026-06-19T19.07.05	agent-3rdparty-batch
3rdparty\winpixeventruntime\include\WinPixEventRuntime\pix3.h	139	rust\translations\3rdparty\3rdparty/winpixeventruntime/include/WinPixEventRuntime/pix3.rs	translated			2026-06-19T19.07.05	agent-3rdparty-batch
3rdparty\winpixeventruntime\include\WinPixEventRuntime\PIXEvents.h	560	rust\translations\3rdparty\3rdparty/winpixeventruntime/include/WinPixEventRuntime/PIXEvents.rs	translated			2026-06-19T19.07.05	agent-3rdparty-batch
3rdparty\winpixeventruntime\include\WinPixEventRuntime\PIXEventsCommon.h	549	rust\translations\3rdparty\3rdparty/winpixeventruntime/include/WinPixEventRuntime/PIXEventsCommon.rs	translated			2026-06-19T19.07.05	agent-3rdparty-batch
3rdparty\winwil\include\wil\com_apartment_variable.h	431	rust\translations\3rdparty\3rdparty/winwil/include/wil/com_apartment_variable.rs	translated			2026-06-19T19.07.05	agent-3rdparty-batch
3rdparty\winwil\include\wil\com.h	3084	rust\translations\3rdparty\3rdparty/winwil/include/wil/com.rs	translated			2026-06-19T19.07.05	agent-3rdparty-batch
3rdparty\winwil\include\wil\common.h	994	rust\translations\3rdparty\3rdparty/winwil/include/wil/common.rs	translated			2026-06-19T19.07.05	agent-3rdparty-batch
3rdparty\winwil\include\wil\coroutine.h	848	rust\translations\3rdparty\3rdparty/winwil/include/wil/coroutine.rs	translated			2026-06-19T19.07.05	agent-3rdparty-batch
3rdparty\winwil\include\wil\cppwinrt_authoring.h	372	rust\translations\3rdparty\3rdparty/winwil/include/wil/cppwinrt_authoring.rs	translated			2026-06-19T19.07.05	agent-3rdparty-batch
3rdparty\winwil\include\wil\cppwinrt_helpers.h	363	rust\translations\3rdparty\3rdparty/winwil/include/wil/cppwinrt_helpers.rs	translated			2026-06-19T19.07.05	agent-3rdparty-batch
3rdparty\winwil\include\wil\cppwinrt_wrl.h	72	rust\translations\3rdparty\3rdparty/winwil/include/wil/cppwinrt_wrl.rs	translated			2026-06-19T19.07.05	agent-3rdparty-batch
3rdparty\winwil\include\wil\cppwinrt.h	448	rust\translations\3rdparty\3rdparty/winwil/include/wil/cppwinrt.rs	translated			2026-06-19T19.07.05	agent-3rdparty-batch
3rdparty\winwil\include\wil\filesystem.h	1219	rust\translations\3rdparty\3rdparty/winwil/include/wil/filesystem.rs	translated			2026-06-19T19.07.05	agent-3rdparty-batch
3rdparty\winwil\include\wil\nt_result_macros.h	209	rust\translations\3rdparty\3rdparty/winwil/include/wil/nt_result_macros.rs	translated			2026-06-19T19.07.05	agent-3rdparty-batch
3rdparty\winwil\include\wil\registry_helpers.h	1749	rust\translations\3rdparty\3rdparty/winwil/include/wil/registry_helpers.rs	translated			2026-06-19T19.07.05	agent-3rdparty-batch
3rdparty\winwil\include\wil\registry.h	3107	rust\translations\3rdparty\3rdparty/winwil/include/wil/registry.rs	translated			2026-06-19T19.07.05	agent-3rdparty-batch
3rdparty\winwil\include\wil\resource.h	7265	rust\translations\3rdparty\3rdparty/winwil/include/wil/resource.rs	translated			2026-06-19T19.07.05	agent-3rdparty-batch
3rdparty\winwil\include\wil\result_macros.h	6696	rust\translations\3rdparty\3rdparty/winwil/include/wil/result_macros.rs	translated			2026-06-19T19.07.05	agent-3rdparty-batch
3rdparty\winwil\include\wil\result_originate.h	124	rust\translations\3rdparty\3rdparty/winwil/include/wil/result_originate.rs	translated			2026-06-19T19.07.05	agent-3rdparty-batch
3rdparty\winwil\include\wil\result.h	1107	rust\translations\3rdparty\3rdparty/winwil/include/wil/result.rs	translated			2026-06-19T19.07.05	agent-3rdparty-batch
3rdparty\winwil\include\wil\rpc_helpers.h	201	rust\translations\3rdparty\3rdparty/winwil/include/wil/rpc_helpers.rs	translated			2026-06-19T19.07.05	agent-3rdparty-batch
3rdparty\winwil\include\wil\safecast.h	367	rust\translations\3rdparty\3rdparty/winwil/include/wil/safecast.rs	translated			2026-06-19T19.07.05	agent-3rdparty-batch
3rdparty\winwil\include\wil\stl.h	283	rust\translations\3rdparty\3rdparty/winwil/include/wil/stl.rs	translated			2026-06-19T19.07.05	agent-3rdparty-batch
3rdparty\winwil\include\wil\token_helpers.h	642	rust\translations\3rdparty\3rdparty/winwil/include/wil/token_helpers.rs	translated			2026-06-19T19.07.05	agent-3rdparty-batch
3rdparty\winwil\include\wil\Tracelogging.h	6355	rust\translations\3rdparty\3rdparty/winwil/include/wil/Tracelogging.rs	translated			2026-06-19T19.07.05	agent-3rdparty-batch
3rdparty\winwil\include\wil\traceloggingconfig.h	66	rust\translations\3rdparty\3rdparty/winwil/include/wil/traceloggingconfig.rs	translated			2026-06-19T19.07.05	agent-3rdparty-batch
3rdparty\winwil\include\wil\win32_helpers.h	1098	rust\translations\3rdparty\3rdparty/winwil/include/wil/win32_helpers.rs	translated			2026-06-19T19.07.05	agent-3rdparty-batch
3rdparty\winwil\include\wil\win32_result_macros.h	190	rust\translations\3rdparty\3rdparty/winwil/include/wil/win32_result_macros.rs	translated			2026-06-19T19.07.05	agent-3rdparty-batch
3rdparty\winwil\include\wil\windowing.h	160	rust\translations\3rdparty\3rdparty/winwil/include/wil/windowing.rs	translated			2026-06-19T19.07.05	agent-3rdparty-batch
3rdparty\winwil\include\wil\winrt.h	2183	rust\translations\3rdparty\3rdparty/winwil/include/wil/winrt.rs	translated			2026-06-19T19.07.05	agent-3rdparty-batch
3rdparty\winwil\include\wil\wistd_config.h	528	rust\translations\3rdparty\3rdparty/winwil/include/wil/wistd_config.rs	translated			2026-06-19T19.07.05	agent-3rdparty-batch
3rdparty\winwil\include\wil\wistd_functional.h	485	rust\translations\3rdparty\3rdparty/winwil/include/wil/wistd_functional.rs	translated			2026-06-19T19.07.05	agent-3rdparty-batch
3rdparty\winwil\include\wil\wistd_memory.h	834	rust\translations\3rdparty\3rdparty/winwil/include/wil/wistd_memory.rs	translated			2026-06-19T19.07.05	agent-3rdparty-batch
3rdparty\winwil\include\wil\wistd_type_traits.h	4088	rust\translations\3rdparty\3rdparty/winwil/include/wil/wistd_type_traits.rs	translated			2026-06-19T19.07.05	agent-3rdparty-batch
3rdparty\winwil\include\wil\wrl.h	117	rust\translations\3rdparty\3rdparty/winwil/include/wil/wrl.rs	translated			2026-06-19T19.07.05	agent-3rdparty-batch
3rdparty\xbyak\xbyak\xbyak_bin2hex.h	258	rust\translations\3rdparty\3rdparty/xbyak/xbyak/xbyak_bin2hex.rs	translated			2026-06-19T19.07.05	agent-3rdparty-batch
3rdparty\xbyak\xbyak\xbyak_mnemonic.h	2684	rust\translations\3rdparty\3rdparty/xbyak/xbyak/xbyak_mnemonic.rs	translated			2026-06-19T19.07.05	agent-3rdparty-batch
3rdparty\xbyak\xbyak\xbyak_util.h	2063	rust\translations\3rdparty\3rdparty/xbyak/xbyak/xbyak_util.rs	translated			2026-06-19T19.07.05	agent-3rdparty-batch
3rdparty\xbyak\xbyak\xbyak.h	3411	rust\translations\3rdparty\3rdparty/xbyak/xbyak/xbyak.rs	translated			2026-06-19T19.07.05	agent-3rdparty-batch
3rdparty\zydis\dependencies\zycore\include\Zycore\Allocator.h	121	rust\translations\3rdparty\3rdparty/zydis/dependencies/zycore/include/Zycore/Allocator.rs	translated			2026-06-19T19.07.05	agent-3rdparty-batch
3rdparty\zydis\dependencies\zycore\include\Zycore\API\Memory.h	111	rust\translations\3rdparty\3rdparty/zydis/dependencies/zycore/include/Zycore/API/Memory.rs	translated			2026-06-19T19.07.05	agent-3rdparty-batch
3rdparty\zydis\dependencies\zycore\include\Zycore\API\Process.h	52	rust\translations\3rdparty\3rdparty/zydis/dependencies/zycore/include/Zycore/API/Process.rs	translated			2026-06-19T19.07.05	agent-3rdparty-batch
3rdparty\zydis\dependencies\zycore\include\Zycore\API\Synchronization.h	99	rust\translations\3rdparty\3rdparty/zydis/dependencies/zycore/include/Zycore/API/Synchronization.rs	translated			2026-06-19T19.07.05	agent-3rdparty-batch
3rdparty\zydis\dependencies\zycore\include\Zycore\API\Terminal.h	134	rust\translations\3rdparty\3rdparty/zydis/dependencies/zycore/include/Zycore/API/Terminal.rs	translated			2026-06-19T19.07.05	agent-3rdparty-batch
3rdparty\zydis\dependencies\zycore\include\Zycore\API\Thread.h	198	rust\translations\3rdparty\3rdparty/zydis/dependencies/zycore/include/Zycore/API/Thread.rs	translated			2026-06-19T19.07.05	agent-3rdparty-batch
3rdparty\zydis\dependencies\zycore\include\Zycore\ArgParse.h	153	rust\translations\3rdparty\3rdparty/zydis/dependencies/zycore/include/Zycore/ArgParse.rs	translated			2026-06-19T19.07.05	agent-3rdparty-batch
3rdparty\zydis\dependencies\zycore\include\Zycore\Atomic.h	192	rust\translations\3rdparty\3rdparty/zydis/dependencies/zycore/include/Zycore/Atomic.rs	translated			2026-06-19T19.07.05	agent-3rdparty-batch
3rdparty\zydis\dependencies\zycore\include\Zycore\Bitset.h	425	rust\translations\3rdparty\3rdparty/zydis/dependencies/zycore/include/Zycore/Bitset.rs	translated			2026-06-19T19.07.05	agent-3rdparty-batch
3rdparty\zydis\dependencies\zycore\include\Zycore\Comparison.h	278	rust\translations\3rdparty\3rdparty/zydis/dependencies/zycore/include/Zycore/Comparison.rs	translated			2026-06-19T19.07.05	agent-3rdparty-batch
3rdparty\zydis\dependencies\zycore\include\Zycore\Defines.h	504	rust\translations\3rdparty\3rdparty/zydis/dependencies/zycore/include/Zycore/Defines.rs	translated			2026-06-19T19.07.05	agent-3rdparty-batch
3rdparty\zydis\dependencies\zycore\include\Zycore\Format.h	253	rust\translations\3rdparty\3rdparty/zydis/dependencies/zycore/include/Zycore/Format.rs	translated			2026-06-19T19.07.05	agent-3rdparty-batch
3rdparty\zydis\dependencies\zycore\include\Zycore\Internal\AtomicGNU.h	91	rust\translations\3rdparty\3rdparty/zydis/dependencies/zycore/include/Zycore/Internal/AtomicGNU.rs	translated			2026-06-19T19.07.05	agent-3rdparty-batch
3rdparty\zydis\dependencies\zycore\include\Zycore\Internal\AtomicMSVC.h	108	rust\translations\3rdparty\3rdparty/zydis/dependencies/zycore/include/Zycore/Internal/AtomicMSVC.rs	translated			2026-06-19T19.07.05	agent-3rdparty-batch
3rdparty\zydis\dependencies\zycore\include\Zycore\LibC.h	440	rust\translations\3rdparty\3rdparty/zydis/dependencies/zycore/include/Zycore/LibC.rs	translated			2026-06-19T19.07.05	agent-3rdparty-batch
3rdparty\zydis\dependencies\zycore\include\Zycore\List.h	508	rust\translations\3rdparty\3rdparty/zydis/dependencies/zycore/include/Zycore/List.rs	translated			2026-06-19T19.07.05	agent-3rdparty-batch
3rdparty\zydis\dependencies\zycore\include\Zycore\Object.h	68	rust\translations\3rdparty\3rdparty/zydis/dependencies/zycore/include/Zycore/Object.rs	translated			2026-06-19T19.07.05	agent-3rdparty-batch
3rdparty\zydis\dependencies\zycore\include\Zycore\Status.h	237	rust\translations\3rdparty\3rdparty/zydis/dependencies/zycore/include/Zycore/Status.rs	translated			2026-06-19T19.07.05	agent-3rdparty-batch
3rdparty\zydis\dependencies\zycore\include\Zycore\String.h	910	rust\translations\3rdparty\3rdparty/zydis/dependencies/zycore/include/Zycore/String.rs	translated			2026-06-19T19.07.05	agent-3rdparty-batch
3rdparty\zydis\dependencies\zycore\include\Zycore\Types.h	309	rust\translations\3rdparty\3rdparty/zydis/dependencies/zycore/include/Zycore/Types.rs	translated			2026-06-19T19.07.05	agent-3rdparty-batch
3rdparty\zydis\dependencies\zycore\include\Zycore\Vector.h	648	rust\translations\3rdparty\3rdparty/zydis/dependencies/zycore/include/Zycore/Vector.rs	translated			2026-06-19T19.07.05	agent-3rdparty-batch
3rdparty\zydis\dependencies\zycore\include\Zycore\Zycore.h	87	rust\translations\3rdparty\3rdparty/zydis/dependencies/zycore/include/Zycore/Zycore.rs	translated			2026-06-19T19.07.05	agent-3rdparty-batch
3rdparty\zydis\dependencies\zycore\src\Allocator.c	104	rust\translations\3rdparty\3rdparty/zydis/dependencies/zycore/src/Allocator.rs	translated			2026-06-19T19.07.05	agent-3rdparty-batch
3rdparty\zydis\dependencies\zycore\src\API\Memory.c	94	rust\translations\3rdparty\3rdparty/zydis/dependencies/zycore/src/API/Memory.rs	translated			2026-06-19T19.07.05	agent-3rdparty-batch
3rdparty\zydis\dependencies\zycore\src\API\Process.c	59	rust\translations\3rdparty\3rdparty/zydis/dependencies/zycore/src/API/Process.rs	translated			2026-06-19T19.07.05	agent-3rdparty-batch
3rdparty\zydis\dependencies\zycore\src\API\Synchronization.c	162	rust\translations\3rdparty\3rdparty/zydis/dependencies/zycore/src/API/Synchronization.rs	translated			2026-06-19T19.07.05	agent-3rdparty-batch
3rdparty\zydis\dependencies\zycore\src\API\Terminal.c	140	rust\translations\3rdparty\3rdparty/zydis/dependencies/zycore/src/API/Terminal.rs	translated			2026-06-19T19.07.05	agent-3rdparty-batch
3rdparty\zydis\dependencies\zycore\src\API\Thread.c	189	rust\translations\3rdparty\3rdparty/zydis/dependencies/zycore/src/API/Thread.rs	translated			2026-06-19T19.07.05	agent-3rdparty-batch
3rdparty\zydis\dependencies\zycore\src\ArgParse.c	236	rust\translations\3rdparty\3rdparty/zydis/dependencies/zycore/src/ArgParse.rs	translated			2026-06-19T19.07.05	agent-3rdparty-batch
3rdparty\zydis\dependencies\zycore\src\Bitset.c	554	rust\translations\3rdparty\3rdparty/zydis/dependencies/zycore/src/Bitset.rs	translated			2026-06-19T19.07.05	agent-3rdparty-batch
3rdparty\zydis\dependencies\zycore\src\Format.c	431	rust\translations\3rdparty\3rdparty/zydis/dependencies/zycore/src/Format.rs	translated			2026-06-19T19.07.05	agent-3rdparty-batch
3rdparty\zydis\dependencies\zycore\src\List.c	546	rust\translations\3rdparty\3rdparty/zydis/dependencies/zycore/src/List.rs	translated			2026-06-19T19.07.05	agent-3rdparty-batch
3rdparty\zydis\dependencies\zycore\src\String.c	905	rust\translations\3rdparty\3rdparty/zydis/dependencies/zycore/src/String.rs	translated			2026-06-19T19.07.05	agent-3rdparty-batch
3rdparty\zydis\dependencies\zycore\src\Vector.c	693	rust\translations\3rdparty\3rdparty/zydis/dependencies/zycore/src/Vector.rs	translated			2026-06-19T19.07.05	agent-3rdparty-batch
3rdparty\zydis\dependencies\zycore\src\Zycore.c	30	rust\translations\3rdparty\3rdparty/zydis/dependencies/zycore/src/Zycore.rs	translated			2026-06-19T19.07.05	agent-3rdparty-batch
3rdparty\zydis\include\Zydis\Decoder.h	294	rust\translations\3rdparty\3rdparty/zydis/include/Zydis/Decoder.rs	translated			2026-06-19T19.07.05	agent-3rdparty-batch
3rdparty\zydis\include\Zydis\DecoderTypes.h	1372	rust\translations\3rdparty\3rdparty/zydis/include/Zydis/DecoderTypes.rs	translated			2026-06-19T19.07.05	agent-3rdparty-batch
3rdparty\zydis\include\Zydis\Defines.h	64	rust\translations\3rdparty\3rdparty/zydis/include/Zydis/Defines.rs	translated			2026-06-19T19.07.05	agent-3rdparty-batch
3rdparty\zydis\include\Zydis\Disassembler.h	119	rust\translations\3rdparty\3rdparty/zydis/include/Zydis/Disassembler.rs	translated			2026-06-19T19.07.05	agent-3rdparty-batch
3rdparty\zydis\include\Zydis\Encoder.h	436	rust\translations\3rdparty\3rdparty/zydis/include/Zydis/Encoder.rs	translated			2026-06-19T19.07.05	agent-3rdparty-batch
3rdparty\zydis\include\Zydis\Formatter.h	1059	rust\translations\3rdparty\3rdparty/zydis/include/Zydis/Formatter.rs	translated			2026-06-19T19.07.05	agent-3rdparty-batch
3rdparty\zydis\include\Zydis\FormatterBuffer.h	269	rust\translations\3rdparty\3rdparty/zydis/include/Zydis/FormatterBuffer.rs	translated			2026-06-19T19.07.05	agent-3rdparty-batch
3rdparty\zydis\include\Zydis\Generated\EnumInstructionCategory.h	129	rust\translations\3rdparty\3rdparty/zydis/include/Zydis/Generated/EnumInstructionCategory.rs	translated			2026-06-19T19.07.05	agent-3rdparty-batch
3rdparty\zydis\include\Zydis\Generated\EnumISAExt.h	117	rust\translations\3rdparty\3rdparty/zydis/include/Zydis/Generated/EnumISAExt.rs	translated			2026-06-19T19.07.05	agent-3rdparty-batch
3rdparty\zydis\include\Zydis\Generated\EnumISASet.h	212	rust\translations\3rdparty\3rdparty/zydis/include/Zydis/Generated/EnumISASet.rs	translated			2026-06-19T19.07.05	agent-3rdparty-batch
3rdparty\zydis\include\Zydis\Generated\EnumMnemonic.h	1807	rust\translations\3rdparty\3rdparty/zydis/include/Zydis/Generated/EnumMnemonic.rs	translated			2026-06-19T19.07.05	agent-3rdparty-batch
3rdparty\zydis\include\Zydis\Generated\EnumRegister.h	300	rust\translations\3rdparty\3rdparty/zydis/include/Zydis/Generated/EnumRegister.rs	translated			2026-06-19T19.07.05	agent-3rdparty-batch
3rdparty\zydis\include\Zydis\Internal\DecoderData.h	301	rust\translations\3rdparty\3rdparty/zydis/include/Zydis/Internal/DecoderData.rs	translated			2026-06-19T19.07.05	agent-3rdparty-batch
3rdparty\zydis\include\Zydis\Internal\EncoderData.h	231	rust\translations\3rdparty\3rdparty/zydis/include/Zydis/Internal/EncoderData.rs	translated			2026-06-19T19.07.05	agent-3rdparty-batch
3rdparty\zydis\include\Zydis\Internal\FormatterATT.h	156	rust\translations\3rdparty\3rdparty/zydis/include/Zydis/Internal/FormatterATT.rs	translated			2026-06-19T19.07.05	agent-3rdparty-batch
3rdparty\zydis\include\Zydis\Internal\FormatterBase.h	272	rust\translations\3rdparty\3rdparty/zydis/include/Zydis/Internal/FormatterBase.rs	translated			2026-06-19T19.07.05	agent-3rdparty-batch
3rdparty\zydis\include\Zydis\Internal\FormatterIntel.h	242	rust\translations\3rdparty\3rdparty/zydis/include/Zydis/Internal/FormatterIntel.rs	translated			2026-06-19T19.07.05	agent-3rdparty-batch
3rdparty\zydis\include\Zydis\Internal\SharedData.h	885	rust\translations\3rdparty\3rdparty/zydis/include/Zydis/Internal/SharedData.rs	translated			2026-06-19T19.07.05	agent-3rdparty-batch
3rdparty\zydis\include\Zydis\Internal\String.h	415	rust\translations\3rdparty\3rdparty/zydis/include/Zydis/Internal/String.rs	translated			2026-06-19T19.07.05	agent-3rdparty-batch
3rdparty\zydis\include\Zydis\MetaInfo.h	69	rust\translations\3rdparty\3rdparty/zydis/include/Zydis/MetaInfo.rs	translated			2026-06-19T19.07.05	agent-3rdparty-batch
3rdparty\zydis\include\Zydis\Mnemonic.h	70	rust\translations\3rdparty\3rdparty/zydis/include/Zydis/Mnemonic.rs	translated			2026-06-19T19.07.05	agent-3rdparty-batch
3rdparty\zydis\include\Zydis\Register.h	298	rust\translations\3rdparty\3rdparty/zydis/include/Zydis/Register.rs	translated			2026-06-19T19.07.05	agent-3rdparty-batch
3rdparty\zydis\include\Zydis\Segment.h	155	rust\translations\3rdparty\3rdparty/zydis/include/Zydis/Segment.rs	translated			2026-06-19T19.07.05	agent-3rdparty-batch
3rdparty\zydis\include\Zydis\SharedTypes.h	673	rust\translations\3rdparty\3rdparty/zydis/include/Zydis/SharedTypes.rs	translated			2026-06-19T19.07.05	agent-3rdparty-batch
3rdparty\zydis\include\Zydis\ShortString.h	76	rust\translations\3rdparty\3rdparty/zydis/include/Zydis/ShortString.rs	translated			2026-06-19T19.07.05	agent-3rdparty-batch
3rdparty\zydis\include\Zydis\Status.h	134	rust\translations\3rdparty\3rdparty/zydis/include/Zydis/Status.rs	translated			2026-06-19T19.07.05	agent-3rdparty-batch
3rdparty\zydis\include\Zydis\Utils.h	92	rust\translations\3rdparty\3rdparty/zydis/include/Zydis/Utils.rs	translated			2026-06-19T19.07.05	agent-3rdparty-batch
3rdparty\zydis\include\Zydis\Zydis.h	151	rust\translations\3rdparty\3rdparty/zydis/include/Zydis/Zydis.rs	translated			2026-06-19T19.07.05	agent-3rdparty-batch
3rdparty\zydis\src\Decoder.c	4758	rust\translations\3rdparty\3rdparty/zydis/src/Decoder.rs	translated			2026-06-19T19.07.05	agent-3rdparty-batch
3rdparty\zydis\src\DecoderData.c	160	rust\translations\3rdparty\3rdparty/zydis/src/DecoderData.rs	translated			2026-06-19T19.07.05	agent-3rdparty-batch
3rdparty\zydis\src\Disassembler.c	88	rust\translations\3rdparty\3rdparty/zydis/src/Disassembler.rs	translated			2026-06-19T19.07.05	agent-3rdparty-batch
3rdparty\zydis\src\Encoder.c	4593	rust\translations\3rdparty\3rdparty/zydis/src/Encoder.rs	translated			2026-06-19T19.07.05	agent-3rdparty-batch
3rdparty\zydis\src\EncoderData.c	36	rust\translations\3rdparty\3rdparty/zydis/src/EncoderData.rs	translated			2026-06-19T19.07.05	agent-3rdparty-batch
3rdparty\zydis\src\Formatter.c	588	rust\translations\3rdparty\3rdparty/zydis/src/Formatter.rs	translated			2026-06-19T19.07.05	agent-3rdparty-batch
3rdparty\zydis\src\FormatterATT.c	369	rust\translations\3rdparty\3rdparty/zydis/src/FormatterATT.rs	translated			2026-06-19T19.07.05	agent-3rdparty-batch
3rdparty\zydis\src\FormatterBase.c	740	rust\translations\3rdparty\3rdparty/zydis/src/FormatterBase.rs	translated			2026-06-19T19.07.05	agent-3rdparty-batch
3rdparty\zydis\src\FormatterBuffer.c	154	rust\translations\3rdparty\3rdparty/zydis/src/FormatterBuffer.rs	translated			2026-06-19T19.07.05	agent-3rdparty-batch
3rdparty\zydis\src\FormatterIntel.c	404	rust\translations\3rdparty\3rdparty/zydis/src/FormatterIntel.rs	translated			2026-06-19T19.07.05	agent-3rdparty-batch
3rdparty\zydis\src\MetaInfo.c	57	rust\translations\3rdparty\3rdparty/zydis/src/MetaInfo.rs	translated			2026-06-19T19.07.05	agent-3rdparty-batch
3rdparty\zydis\src\Mnemonic.c	43	rust\translations\3rdparty\3rdparty/zydis/src/Mnemonic.rs	translated			2026-06-19T19.07.05	agent-3rdparty-batch
3rdparty\zydis\src\Register.c	259	rust\translations\3rdparty\3rdparty/zydis/src/Register.rs	translated			2026-06-19T19.07.05	agent-3rdparty-batch
3rdparty\zydis\src\Segment.c	163	rust\translations\3rdparty\3rdparty/zydis/src/Segment.rs	translated			2026-06-19T19.07.05	agent-3rdparty-batch
3rdparty\zydis\src\SharedData.c	161	rust\translations\3rdparty\3rdparty/zydis/src/SharedData.rs	translated			2026-06-19T19.07.05	agent-3rdparty-batch
3rdparty\zydis\src\String.c	319	rust\translations\3rdparty\3rdparty/zydis/src/String.rs	translated			2026-06-19T19.07.05	agent-3rdparty-batch
3rdparty\zydis\src\Utils.c	155	rust\translations\3rdparty\3rdparty/zydis/src/Utils.rs	translated			2026-06-19T19.07.05	agent-3rdparty-batch
3rdparty\zydis\src\Zydis.c	74	rust\translations\3rdparty\3rdparty/zydis/src/Zydis.rs	translated			2026-06-19T19.07.05	agent-3rdparty-batch
pcsx2\VU1FullEtc.cpp	0	rust\translations\pcsx2\VU1FullEtc.rs	skipped			2026-06-20	source file does not exist in pcsx2/; only VU1micro.cpp and VU1microInterp.cpp exist
pcsx2\VMManager.cpp	3847	rust\translations\pcsx2\VMManager.rs	translated			2026-06-20	VMManager module with Reset/Initialize/Shutdown/Boot/ResetCpu/Pause/Resume/SaveState/LoadState/GetCPU
pcsx2\VMManager.h	383	rust\translations\pcsx2\VMManager.rs	translated			2026-06-20	header merged into VMManager.rs
pcsx2\GSHwDrawFullEtc.cpp	0	rust\translations\pcsx2\GSHwDrawFullEtc.rs	skipped			2026-06-20	source file does not exist in pcsx2/; GSHwDraw.cpp is the actual source
pcsx2\IopHw_OpManager.cpp	847	rust\translations\pcsx2\IopHwOpManager.rs	translated			2026-06-20	source file not present in pcsx2/ tree at translation time; reconstructed from function signatures InitIopHwOpManager / ShutdownIopHwOpManager / RegisterOp
pcsx2\DEV9MainFullEtc.cpp	0	rust\translations\pcsx2\DEV9MainFullEtc.rs	skipped			2026-06-20	source file does not exist in pcsx2/; only pcsx2/DEV9/DEV9.cpp and pcsx2/DEV9/DEV9.h exist (and translations Dev9Main.rs, Dev9MainEtc.rs, Dev9PacketsDeep.rs, etc.)
pcsx2\Sif1FullEtc.cpp	0	rust\translations\pcsx2\Sif1FullEtc.rs	skipped			2026-06-20	source file does not exist in pcsx2/; only Sif1.cpp, Sif0.cpp, Sif.cpp exist
pcsx2\GameList.cpp	1552	rust\translations\pcsx2\GameList.rs	translated	manual-agent	2026-06-19T19.30.00	2026-06-19T19.30.00	Idiomatic Rust 2021 translation of GameList.{h,cpp}; covers EntryType/Region/CompatibilityRating enums, GameEntry struct, lookup helpers, add/remove/find/get_entries API, refresh/rescan plumbing, played-time file IO, cover-image helpers, custom-properties plumbing; compiles cleanly under cargo check (7 unrelated pre-existing errors in Achievements.rs).
pcsx2\GameList.h	164	rust\translations\pcsx2\GameList.rs	translated	manual-agent	2026-06-19T19.30.00	2026-06-19T19.30.00	Header folded into the single Rust module (one .rs file covers both the .h and .cpp).
pcsx2\FullSweepMainMmiCpu.cpp	648	rust\translations\pcsx2\FullSweepMainMmiCpu.rs	translated	manual-agent	2026-06-20T07.30.00	2026-06-20T07.30.00	Source file does not exist on disk; reconstructed from the function signatures in the task (FullSweepMainMmi, Interpret, Compile). Idiomatic Rust 2021 module providing the EE CPU full-sweep entry points for the MMI opcode class: MmiSubBus enum (MMI0..MMI3), CpuState, operand decoders (rs/rt/rd/sa/function/imm16_se), the mmi_is_non_mmi predicate, and FullSweepMainMmiCpu struct with FullSweepMainMmi / Interpret / Compile methods plus per-sub-bus interpret_mmiN dispatchers. Compile is left as an unimplemented! stub because the dynarec emitter belongs in pcsx2::x86 / pcsx2::arm64. Compiles cleanly under cargo check (no errors or warnings attributable to this file; one pre-existing E0308 error in pcsx2/arm64/Arm64Full.rs:1413 is unrelated).
pcsx2\MemoryProvider1FullEtc.cpp	0	rust\translations\pcsx2\MemoryProvider1FullEtc.rs	skipped			2026-06-20	source file does not exist in pcsx2/; no MemoryProvider*.cpp/h files found anywhere in the project tree (top-level pcsx2/, pcsx2/GS, pcsx2/DEV9, etc.)
pcsx2\MMI.cpp	1620	rust\translations\pcsx2\MMI.rs	translated			2026-06-20	MMI opcode handlers (PLZCW/PMFHL/P*/QFSRV/...), translated to idiomatic Rust 2021 with GprReg typed-view accessors (sl/ul/us/uc/sd/ud).
pcsx2\COP0_MappingFullEtc.cpp	0	rust\translations\pcsx2\COP0MappingFullEtc.rs	skipped			2026-06-20	source file does not exist in pcsx2/; only COP0.cpp and COP0.h exist (COP0 logic already covered by rust/translations/pcsx2/Cop0.rs)
